Error_PEHE,Error_ATE,MSE_0,MSE_1,Feature,Iteration
-0.012812974339607375,0.0016412441618740559,0.007595797476959043,-0.02650878018053371,X1,0
-0.006425882953209117,0.0011091798078268766,0.01611216312990793,-0.003048599680843811,X1,1
0.002210724654067242,0.0021817595697939396,0.021660772397580352,0.027336129226606554,X1,2
-0.005482593213381848,0.0017759238835424185,0.002185615250446915,-0.01450771121178529,X1,3
-0.002241939476517407,0.0027820365503430367,-0.013212363984860254,-0.03580292273589514,X1,4
-0.0020256648560578183,0.005315490823704749,0.006267465747175072,7.317426896080725e-05,X1,5
-0.0025303660646259774,0.0030083167366683483,0.0016109850505200418,-0.01954825941688898,X1,6
0.0027264375777894534,0.0017953591886907816,0.009413176766142617,0.0227384849006822,X1,7
0.0006125411071218334,0.0014211994130164385,0.02100015831220947,0.020932569593646644,X1,8
-0.005156837361767863,-8.294079452753067e-05,0.011187866882443998,0.0015288842711520534,X1,9
-0.00162045999087157,0.003787056659348309,0.0002959571328912114,-0.007923167684577903,X1,10
-0.004836578594199503,0.0020514403004199266,0.006871705240274584,-0.012899348108618813,X1,11
-0.012846064848800687,0.004989540446558749,0.002719558870841743,-0.019925075726959784,X1,12
-0.007168941212215119,0.00527748154127039,0.0222110160341078,0.013555927926966138,X1,13
-0.0011022613566732398,0.0014740019105374813,-0.006983149553165036,-0.020845965129772326,X1,14
-0.0010891087280885392,0.0016011076513677835,-0.0009320535351154957,-0.016312593206118775,X1,15
-0.001394551280859968,0.0033981220331043005,0.010545816367381722,0.006802784518216143,X1,16
0.0026396793931057205,0.001579037168994546,-0.014646343365755321,-0.021059587044542694,X1,17
-0.005204590424678246,0.00640163104981184,0.00535537451422341,-0.008605915995247182,X1,18
-0.0021218818599360034,0.0003033340908586979,0.01990323254842652,0.02325912157595167,X1,19
-0.008308993188615665,0.004733992682304233,0.007581518988889369,-0.014408269035242505,X1,20
-0.0030558692471820414,0.00505441652785521,0.0018466121522359158,-0.009861474095376632,X1,21
-0.008128614234712006,-0.0004758555442094803,0.04218056568315398,0.04579236352601157,X1,22
-0.01156879760698526,-0.0006709345616400242,0.00013353886764977396,-0.030103068449926385,X1,23
0.004329714979566024,-0.0007262914441525936,0.0015368950703432693,0.003024954111040312,X1,24
-0.0069181478414716,0.003219492849893868,0.009279094705668678,-0.008270247929591301,X1,25
0.0015850834385230383,0.004909913412120659,-0.00286727729695746,0.0024838820584938137,X1,26
-0.0036023421451949478,0.0016223685815930367,0.009748021084592384,-0.00018809755344473267,X1,27
-0.008709447510860557,0.0038421492790803313,0.0045220065257404185,-0.017268488620775013,X1,28
-0.012820232229894146,0.003154318197630346,0.010163402306384905,-0.02095260259541698,X1,29
0.0018806202326779875,0.002928628819063306,0.020390121993201227,0.030421039723253607,X1,30
0.00309769147224781,0.005927730060648173,0.019038700908425188,0.028887673223922716,X1,31
-0.0020237792132909993,-0.002077387645840645,0.022198806120686365,0.021941409167852033,X1,32
0.00016064964418371908,0.0034834890393540263,0.007342243645404367,0.007331528993409053,X1,33
-0.009131008839484589,0.0027555576525628567,-0.0015840360340831916,-0.023180127404712758,X1,34
-0.007062725880271903,0.003690810059197247,0.011110436907510124,-0.003571955279283223,X1,35
-0.0008264840495340042,-0.0016918773762881756,0.008900638481980083,0.010353962141461004,X1,36
-0.0007153200595828579,0.004600054497132078,0.013531780076909028,0.0191402862591723,X1,37
0.0004725851865836628,0.0055738918599672616,0.016101223126322894,0.019292642173263097,X1,38
-0.008005856399526334,0.000564363319426775,0.011893566956027501,-0.01774753538979068,X1,39
-0.0027701788539334915,0.0014099697582423687,0.005906821416373109,0.0012912747491982124,X1,40
-0.009779917156016671,0.004248013370670378,0.006872489737044241,-0.01107106127144264,X1,41
-0.00598195101397947,0.0022762117441743612,-0.006258074202400099,-0.02777822882426806,X1,42
0.0015950537264604048,0.0032559530809521675,0.013357400582427292,0.02189186750083394,X1,43
-0.009673819261112437,0.001027135644108057,0.005373936990828221,-0.01839270875488297,X1,44
-0.008463077087340731,0.0033211569534614682,0.004525976379672114,-0.022854582395169132,X1,45
-0.011911586842946464,0.0026071679312735796,0.00839232603169593,-0.01305592652904286,X1,46
0.000998617388625167,0.002904071006923914,0.019115831340257516,0.03450854396213887,X1,47
0.0012647787571303803,-0.0009106704965233803,0.0138141470666161,0.021339173828892388,X1,48
0.005701073628497144,0.004867571464274079,0.013757451616111416,0.023733978943696332,X1,49
0.005654186100583325,-0.0009770989418029785,-0.0012784945971685557,-0.0015059342206868997,X1,50
-0.004024630659298145,0.0035725932102650404,0.026644166159801808,0.019945879943204847,X1,51
-0.009534897858847535,-0.0013794987462460995,0.025435600377182066,0.017283077853015083,X1,52
-0.0009788858402746126,0.000159495510160923,-0.0021908699255072106,-0.012696845215588004,X1,53
0.0011593927177450114,0.0025552771985530853,0.01620608344885688,0.02052183352901582,X1,54
0.004872475062346671,0.008933091070502996,-0.008779130194761287,-0.017159850134560006,X1,55
-0.014619966092078829,0.001578279072418809,0.023384539144466254,3.7858912083965635e-05,X1,56
-0.007573098158500824,0.002912412164732814,0.009092526308708604,0.001968070401634714,X1,57
0.0006670784420499398,0.001781501341611147,0.011579789666605445,0.006988302656398604,X1,58
-0.007197928927556108,0.00366074126213789,0.006482887903420331,-0.019816647751114136,X1,59
-0.004772781701337325,0.0021343801636248827,0.008842326204324125,0.004478048916664701,X1,60
-0.004932524672705552,0.004708418127847835,0.008977313821101451,-0.007872413744051343,X1,61
-0.005927991257139165,-2.6240944862365723e-05,0.0010676287576770749,-0.024476547411544702,X1,62
0.000977733427661498,0.0025114493910223246,0.001685308457463952,0.007816929351659008,X1,63
-0.003275845887733664,0.0030019227415323257,0.013591284825404393,0.012250754289160115,X1,64
0.0012693260950155105,0.00242151552811265,0.007216052786072291,0.003352330365778755,X1,65
-0.0061638586812577945,0.006071146577596664,-0.0005078567982127469,-0.01650315284567161,X1,66
-0.003351545888482965,0.0029273920226842165,-0.003182377471250386,-0.025703159306406542,X1,67
-0.017683921670645364,0.0021807223092764616,0.021208363881539904,0.004227423616120607,X1,68
-0.022147147856564464,0.0036185376811772585,0.013285249263660703,-0.029406284846093422,X1,69
-0.0041973866885350875,-0.0001053493469953537,0.007875358230820972,-0.0010963267426171708,X1,70
-0.007141217393527688,0.002493727719411254,0.014114829538929508,-0.0035541357805521923,X1,71
0.0010362902905478588,0.004102343169506639,-0.0010934833635630747,-0.013090017773907281,X1,72
-0.008834841169180319,0.0024968585930764675,-0.000888512492558613,-0.021727143204170574,X1,73
0.0033019358877841576,0.003139161388389766,-0.007690202080121389,-0.012754971314290486,X1,74
-0.011212949666305594,0.00599266157951206,-0.0005564433056851614,-0.02678065828024878,X1,75
-0.002588993669060513,0.0009064152836799622,8.717992411966247e-05,-0.009765780451432393,X1,76
0.003970228950459509,0.0003807414323091507,-0.004019203557397599,-0.003663996064217301,X1,77
-0.005866235056953606,0.006275325897149742,0.0186654611421202,0.010784230957434637,X1,78
-0.007126393565357048,-0.00047418801113963127,0.003399698499490844,-0.02327174005591237,X1,79
0.0020336181916812412,0.0005351132713258266,0.003482250893685812,0.001194407243142015,X1,80
-0.01100656626364016,0.005716810119338334,0.02354342441087276,0.013287764442065475,X1,81
0.01359528601661697,0.005506876565050334,-0.006870838516117472,0.007414977493914288,X1,82
-0.008022478657770393,0.0015804562717676163,0.008326463301817189,-0.006059064408415082,X1,83
0.001053999517178994,0.004835289582842961,0.019858856521424162,0.02820164268020231,X1,84
0.0025736735077228623,0.0014574471861124039,0.007359880028766086,0.009137044481950962,X1,85
0.00560987429785309,0.00017299503087997437,-0.004065775911912484,-0.008932914930551483,X1,86
-0.006555565553035492,0.003929151222109795,0.013921053510995596,-0.006936063903542733,X1,87
-0.0035900658833440957,0.0022250644396990538,0.02828793742571123,0.03408387680471625,X1,88
-0.011792410803448505,0.0021999524906277657,0.018581737447061375,0.007384561381648558,X1,89
0.0012351125424983067,0.0034415923291817307,-0.004359471901846712,-0.0009750566750486023,X1,90
0.0034123591678185683,0.006488873274065554,0.024129175629578725,0.0417621821550489,X1,91
-0.0005912923197844977,0.0007052761502563953,0.009406093522362324,0.01617644220244263,X1,92
0.0045978264310245764,0.004459524643607438,0.0020194190574027715,-0.002755059225786116,X1,93
-0.008553494431858932,-0.0023520472459495068,0.01362211626205434,-0.002034716993467134,X1,94
-0.013269311892867175,0.0020463750697672367,0.019905002991916998,-0.0033385569977113505,X1,95
0.007836348614825628,0.002815214218571782,0.0015719773744253818,0.02228183492961322,X1,96
-0.002064783971558626,0.003995812381617725,0.0065066040299359695,0.005712512794503688,X1,97
-0.0023503797673041227,0.004069809801876545,0.010144724241489933,-0.002524040979168918,X1,98
0.002026254831260399,-0.0004021856002509594,0.016735760061487914,0.025372823748573303,X1,99
-0.006623572611703765,0.003535207943059504,0.018989784274954014,0.011225963428669106,X2,0
-0.018149631232156738,0.001623326912522316,0.0216372275853014,-0.0053589304517436265,X2,1
-0.0031076343103003667,0.002008450450375676,-0.0020187752127915903,-0.0035444787461602623,X2,2
-0.008098392212220973,0.003181027597747743,0.018087220854330344,-0.004360769307617529,X2,3
-0.0018038336121949383,0.0008957223035395145,0.006450151906208346,-0.0043630918299117916,X2,4
-0.0012791074576260497,0.0011433030012995005,0.0021792639092963473,-0.003994767951703171,X2,5
0.002105206923929126,-0.0003733411431312561,-0.011469977162848921,-0.025494215972020617,X2,6
-0.001775109422510246,0.0014988444745540619,0.006825810108026298,-0.001557935579620473,X2,7
-0.009172444304708427,0.0021118412259966135,0.005100295018669043,-0.016338939616652892,X2,8
0.0037738084710582376,0.0018828981555998325,0.0028679160377278468,0.007726318302972102,X2,9
0.008250214891884045,0.001916441135108471,-0.011848362415986191,-0.010230193378630847,X2,10
-0.00045027493701721433,0.002416464500129223,-0.00230638174861153,-0.020479653543573395,X2,11
0.0005601659286503802,0.0016576664056628942,0.014821616022093975,0.011741465245711513,X2,12
0.00400607247026985,0.00015126867219805717,0.0028334901541853252,0.0041870619089912076,X2,13
0.013335185465873867,0.003556119045242667,-0.0025726610565830477,0.02166185799315601,X2,14
-0.012750931725070691,0.0023133426439017057,-0.0011543195856332789,-0.03750523642377512,X2,15
-0.00260922177678935,0.00365688547026366,0.030959968146488492,0.0416753153893068,X2,16
-0.010843059339246452,0.002458656905218959,0.012553465029788047,-0.004701951324046938,X2,17
-0.002939566489556067,0.0004006698727607727,0.015174640380973603,0.010569004538139692,X2,18
0.000100984915856972,0.0019678156822919846,-0.0015534154984631066,-0.004658892309188811,X2,19
-0.006124282600744935,0.0013391212560236454,0.013904281803246987,0.005998588003396144,X2,20
-0.0006649978454043026,0.0034654401242733,0.009873903160090403,0.01770711775494993,X2,21
0.005631441467010445,0.0032277064165100455,0.005714369857450219,0.019081794628170723,X2,22
0.0005993477085548538,0.0022929655387997627,0.0011273666343393218,-0.009018000992542685,X2,23
-0.010265228729209985,0.0011539398692548275,0.006150802998239668,-0.017439032116537856,X2,24
-0.00476738636783669,0.0045753382437396795,-0.00300641132224988,-0.010259411349672565,X2,25
-0.0021486693371607357,0.003701925161294639,0.007899029849339101,0.011147566511575224,X2,26
-0.0063473720437007275,-0.0006406963802874088,-0.00013535252424135003,-0.006971527228379237,X2,27
-0.010637294674587627,0.001268973806872964,0.008882342852332359,-0.017788478502069882,X2,28
-0.00680028127035015,0.0025441169273108244,0.01637993778996849,0.004748799932890346,X2,29
-0.0072072187140347355,0.0029891578014940023,0.0002829464793472347,-0.02622502855912856,X2,30
-0.005642398282384109,0.002478960668668151,-0.0008711990103014156,-0.014712883934108634,X2,31
-0.003164927267694684,0.0002763001248240471,0.004581752416845553,0.003139392277586861,X2,32
-0.0015585760867086185,0.005126138203195296,-0.004590369614519196,-0.014219753986683736,X2,33
-0.004191480137721304,0.0013359414879232645,-0.005160781257020575,-0.013729367781370128,X2,34
-0.011827115307741609,0.005375055538024753,0.002190274670352599,-0.029935661843939476,X2,35
-0.001442505775562819,0.0041491936426609755,0.021697780600613115,0.026329422136303515,X2,36
-0.003501422951686095,0.0017115073278546333,-0.004821407532233257,-0.03143296790451289,X2,37
0.005601484417713021,1.2279022485017776e-05,0.014292800628628255,0.02605461109876539,X2,38
0.01015856556151451,0.002798327710479498,0.0021832749233544613,0.02457528765555983,X2,39
-0.0028494258667758343,0.002366136759519577,0.007955601522248168,-0.004690103836611836,X2,40
-0.0037642892565662445,0.003285509184934199,0.0025467006435138106,-0.004573166419669983,X2,41
-0.012919986149828144,0.004409997956827283,0.01066035545722166,-0.01914985083728582,X2,42
-0.0030193812302035106,0.0021297745406627655,0.02101029540250665,0.022107866104063456,X2,43
-0.0004889886220837969,0.0017052327748388052,-0.0007386814906442662,-0.003022670954388129,X2,44
0.00023625388173276196,0.001366575714200735,-0.0064534256768568055,-0.014491657396643154,X2,45
0.0037510276493583072,0.002954091876745224,0.014354797312115863,0.0238442437107389,X2,46
-0.0045705134454850915,0.0021768114529550076,0.010997113593796626,0.005133593507977707,X2,47
-0.004580136809443358,0.0026815622113645077,0.0029747217380116098,-0.016760353630109748,X2,48
-0.00452331411028839,0.0003063553012907505,0.015448578336691998,0.005234021466588468,X2,49
-0.00469365497070362,-0.000985858030617237,0.012606572054635334,0.004296055327718928,X2,50
-0.007975105110907488,0.0018362181726843119,0.026813378492925644,0.015386545464148194,X2,51
-0.007452173519281957,0.0010121851228177547,0.014025690405800484,0.010088298522081374,X2,52
-0.008549135130007435,0.0027443664148449898,0.013841294223172818,-0.007255346957618647,X2,53
0.0018277283566271452,0.001662018708884716,0.013845290537732646,0.012714393945540525,X2,54
-0.002075902501826321,0.0048947398536256514,0.009516189010744247,0.00904654599360688,X2,55
0.0034842309631721857,0.002482539974153042,-0.0070889758191629015,-0.008563897326986147,X2,56
-1.1871674311159097e-05,0.0044885503011755645,0.0073635312159657795,0.006084763841163854,X2,57
-0.002127414664066185,0.0010745758190751076,0.016453914676105574,0.015118316626703487,X2,58
-0.0020440824194262186,0.0007828609086573124,0.01767194908723435,0.013031776798649197,X2,59
0.00747372831843196,0.003305568010546267,0.017074079277104692,0.03294309070789447,X2,60
0.006193957110121828,0.003665974596515298,0.0025601863912138034,0.00980573351922387,X2,61
-0.00889389335866353,0.0075362795032560825,0.019809227335343182,0.006342771254237212,X2,62
-0.0006232939445474095,0.0007372633554041386,0.013642782527111375,0.01539581553315883,X2,63
0.0004771776460580357,-0.0001604524441063404,0.017447958680737008,0.008453711222273341,X2,64
-0.0002640897070279591,0.001360299764201045,0.006309814397956748,0.00521648885820114,X2,65
-0.004081504460767382,0.002347031608223915,0.02152020252258513,0.018909264434508577,X2,66
-0.005441156786214263,0.003963841707445681,0.016211862670200805,0.005732430921438159,X2,67
0.004043453557212029,0.0034739236580207944,0.012475372702718146,0.014761804236404608,X2,68
0.004105691863946936,0.0010398649610579014,0.00039631471285495046,0.01063756174121444,X2,69
0.004759556639123308,0.004953148236381821,-0.005254663354323674,-0.0034513015440880146,X2,70
-0.005959941112618661,0.001100975088775158,-0.0009000031362361716,-0.020666503569305217,X2,71
-0.006481148253197677,0.0013199655804783106,0.007939157689372922,-0.005447350942117568,X2,72
0.001624063903116757,0.002561533823609352,-0.007866160007010237,-0.01134204141863493,X2,73
0.0053571889979268095,0.0023290771059691906,0.010490960377680603,0.017909691515054726,X2,74
0.002281233245938319,0.00372695317491889,0.004461300522195288,-0.0020682847852093733,X2,75
-0.0037045971529992006,-0.001268208958208561,0.016968288281710375,0.015053069772416272,X2,76
0.0006579049108569324,-8.621066808700562e-05,0.020312400360491534,0.02311481003275162,X2,77
-0.004414904605846148,0.0008645723573863506,0.014041983239007738,0.009811634522363333,X2,78
-0.003067384588836264,0.0022074917796999216,0.00811879105037372,-0.0038400960083611047,X2,79
-0.0066326432127755686,0.0012169962283223867,0.02118051975796509,0.02039201597398077,X2,80
-0.008689920733821355,0.0045007114531472325,0.015014353007733794,0.00012038508357981037,X2,81
-0.0012453935502848568,0.002899158513173461,-0.009506724989877702,-0.01737231923331861,X2,82
0.0009620458518677655,0.0015978289302438498,-0.0065733565258085935,-0.016204841902475176,X2,83
0.0014700447781421655,-0.00013313954696059227,0.011887325465753773,0.016854307681174463,X2,84
-0.0059040786740288675,0.0017517553642392159,0.013521292177351207,0.005048432043618822,X2,85
-0.007728407729916342,0.001885401550680399,0.003933939264031072,-0.01578891406099947,X2,86
-0.002226864437542053,0.0033676819875836372,0.0036199270390625538,-0.003180881687141479,X2,87
-0.005607000744113022,0.002240031724795699,0.008193174628620459,-0.006294750247185954,X2,88
0.0032117243897491488,0.0054850493324920535,0.01615237027208183,0.009250579116528712,X2,89
0.004227939526838309,0.003086480312049389,0.009046354079192742,0.020636361768600286,X2,90
-0.01500784708447811,0.001024866010993719,0.009399926611604825,-0.027114570537948746,X2,91
-0.006994266753792111,0.0028965966776013374,0.003752362029401546,-0.015889934737030487,X2,92
-0.00047923993373233387,0.002253233687952161,0.017785293715075978,0.029512875730107524,X2,93
-0.008728807822468432,0.004392678034491837,0.021161802054747936,0.011835971087021502,X2,94
-0.002877814427549641,0.002695476170629263,0.0006832007296824205,-0.004348176147733085,X2,95
-0.0010488680160892772,0.00445475266315043,-0.006784028238101314,-0.0182537609584843,X2,96
0.002554010029099718,0.0027343444526195526,0.018773829116029095,0.02285818691266006,X2,97
0.004258469421672073,-0.00010595470666885376,0.01363136670554832,0.025048270709431497,X2,98
-0.007574722394380173,0.0016539418138563633,-0.0033640581502718536,-0.021197356305558968,X2,99
7.294158656112604e-05,0.0025822066236287355,0.009910539083418768,0.015371844471039564,X3,0
-0.003095307392707247,0.0034846041817218065,0.009901554914384603,-0.0016471211213655579,X3,1
-0.0007808686841395129,0.0030595397111028433,0.007236957229217467,-0.004001213829445627,X3,2
0.0015230041938627537,0.003240979160182178,0.004665643370147188,-0.0042737546997144715,X3,3
0.004745189798700866,0.00160119216889143,0.023665706362353545,0.03692553525462361,X3,4
-0.005756692590709767,0.003307609469629824,0.020661760136665208,0.01229754021310736,X3,5
-0.0124721151741366,0.0005498835816979408,0.006192480743792306,-0.018864556025518286,X3,6
-0.0023459789770093886,0.0044565151911228895,0.005257145027174448,-0.00461606163399364,X3,7
-0.01505455564856395,0.0005440698005259037,0.014020142080028553,-0.0270507440257588,X3,8
-0.0047788838437082815,0.002094294410198927,-0.0037751714965674754,-0.0230167546154858,X3,9
-0.007760524018318393,0.002487824996933341,-0.004694119401180141,-0.033329649080503065,X3,10
-0.005939672904312521,0.001947288867086172,0.015211442607205417,0.011419022102642895,X3,11
-0.008234978473248833,0.0008940780535340309,-0.002381181693511758,-0.03633932263688089,X3,12
0.009321760446190153,0.0001933639869093895,0.014490617451276444,0.031586050730606274,X3,13
-0.0006086310855397681,0.00017249863594770432,0.02235047531949963,0.02891983275989518,X3,14
-0.005305353226762732,0.002041422063484788,-0.003831757939389946,-0.02710135813188952,X3,15
-0.01302790273173482,0.005231218208791688,0.009901136216356798,-0.008087693940671103,X3,16
-0.0014599303712478084,0.004133697017095983,0.029883024462567187,0.02486331841852696,X3,17
-0.0025225864662329345,0.004164838639553636,-0.0015603791539766654,0.002110465400124495,X3,18
-0.0034617073389698882,0.004412965034134686,0.02347952202912218,0.01644265258238775,X3,19
0.0004529398292518749,0.001611323794350028,0.0075216412782003195,0.0203116876683056,X3,20
-0.007634214718310939,0.0020119179971516132,0.0004209100175784908,-0.024982524867074085,X3,21
-0.003550273383812752,0.0005383999086916447,0.0018387605371583682,-0.0057888543265294246,X3,22
-0.003336670293277333,0.0005352669395506382,0.028369262963959807,0.02695672029266527,X3,23
-0.007911182887774038,0.0037680267123505473,0.036685612568394754,0.03210938866615676,X3,24
-0.010244321659069078,0.0010102861560881138,-0.0008487816888999022,-0.03127763136217587,X3,25
0.0062335707871999935,0.0010319463908672333,-0.0030443259389543176,0.0007730997525920991,X3,26
-0.008317948093016114,0.004193726053927094,0.0038750695260412193,-0.01768727715611984,X3,27
-0.015991978998857292,0.0007498986087739468,0.015778357895792183,-0.013050885189093586,X3,28
-0.01154615819461291,0.004430428612977266,0.019498943294758986,0.010344087115768064,X3,29
-0.012691947941778525,0.0005113082006573677,0.020057445191244083,0.0021065851496531174,X3,30
-0.007292955747814744,0.001972225261852145,0.0037479743376347407,-0.014286580387959269,X3,31
-0.004901836599002785,0.0018732359167188406,0.0016332265129593848,-0.004952588453785989,X3,32
-0.0074874999893578265,0.0015066748019307852,0.007513777305891645,-0.013490793580628102,X3,33
-0.007567315151575604,0.0023599141277372837,0.005067624441867702,-0.01802904560104812,X3,34
-0.005729415210165345,0.005796109326183796,0.0051381602402633675,-0.007101414272560058,X3,35
-0.007860568168742144,0.005544966901652515,0.015397075979062924,0.006819813583442524,X3,36
0.007463311558238095,0.0027864312287420034,0.014072158994194117,0.02481282375328142,X3,37
-0.006285047508952202,0.004984446633898187,0.02032732634184753,0.00031839732038263513,X3,38
-0.0030003688317262744,0.0009718420915305614,0.02523977991106441,0.033204432390249394,X3,39
-0.009005457462343158,0.0005827979184687138,-0.00437853694319934,-0.026037219685687063,X3,40
-0.010155261608169597,0.0036345123080536723,0.014960473921848738,-0.007883358944229313,X3,41
0.002340286296597993,0.004833344690268859,0.01610552174888258,0.01961583438173098,X3,42
-0.015449694816966786,0.0007992750033736229,0.016247573661954506,-0.01037392355371125,X3,43
0.003814232993465616,0.00447859097039327,-0.00423488001739547,0.0013466912276351994,X3,44
-0.0012939445185946585,0.004307643044739962,0.01211946265720798,0.006319660853890019,X3,45
-0.0057829091196260896,0.0026985006406903267,0.015029584754643333,0.008331946172996929,X3,46
0.005544275345243932,0.00022162124514579773,0.006611493425064063,0.019753592899004246,X3,47
-0.003782760528466489,0.00039308518171310425,0.01964171748223764,0.02735912173240518,X3,48
0.0004518037450632617,0.002947836881503463,0.019682091511635358,0.032538714029347604,X3,49
-0.006834384710311836,0.0023985521402209997,0.02295337274305087,0.008719317409575655,X3,50
-0.012744819875534996,-0.00027871690690517426,0.02407089708073884,0.003956449442537258,X3,51
-0.004344758707489738,0.0003674007020890713,0.017268989286644665,0.012029467619583567,X3,52
0.0002701078510020105,0.0048023323906818405,0.007639272722291923,-0.0024059609438402685,X3,53
-0.013235143301878027,0.005070605147921015,-0.010775484350393216,-0.05522947887033225,X3,54
0.008154782314328757,0.0038896016776561737,0.011417876458782783,0.014569108311150769,X3,55
0.0032324239757813844,-0.002009605523198843,0.009998539864800926,0.00893777283818964,X3,56
-0.0025933192517506587,0.0016174695920199156,0.016565324488064137,0.023107431891442154,X3,57
-0.018101785172234264,0.0031213354086503386,0.009777762483005437,-0.02459113364536014,X3,58
-0.00624998960977996,0.0010012141428887844,0.03759069363275902,0.034973104819898015,X3,59
-0.004576347599544839,0.004126527172047645,0.02545801534875869,0.015211068655862636,X3,60
-0.004973288131878029,0.0021754722110927105,0.0126093477411231,0.012849301186562911,X3,61
-0.003694798901845542,0.004781138166435994,0.020920221252700433,0.018477533247927225,X3,62
-0.004026332251499953,0.0024072795640677214,0.013854383068600318,0.012100876235390245,X3,63
-0.006079789451250983,0.0028449862729758024,0.016168861242773502,0.008895173873796791,X3,64
-0.0072202020183149695,0.002759783761575818,0.0015684187410005546,-0.023460648095177117,X3,65
-0.0016681788109343954,0.003495920216664672,-0.0026229924070948485,-0.01405209546916919,X3,66
0.0014567814058361606,0.0010351263917982578,-0.002026176516053413,-0.0016044174804541456,X3,67
-0.009913970804928729,0.002874093595892191,0.005693047748667079,-0.019421150874612048,X3,68
0.007675466078265414,0.002370689995586872,0.022207465636787216,0.04203492614367188,X3,69
-0.0023557437774514023,0.0026017813943326473,0.007814301053066464,-0.0013866587914121986,X3,70
0.004493129715648303,0.0017823902890086174,0.015850290863543615,0.02988742414728507,X3,71
-0.0021092664589611454,0.00308984681032598,0.013361159775466813,0.016244100844817977,X3,72
0.0014222456631760583,0.002127167535945773,0.011172138449490499,0.028771513203067922,X3,73
0.005546650677884846,0.0012792053166776896,0.002224245231245092,0.01426761932550935,X3,74
0.0056616322930667096,0.004055660218000412,0.0031595166571060096,0.013967002729957656,X3,75
-0.008642390592693672,-0.00021681701764464378,0.004124129751771788,-0.015699817067155175,X3,76
-0.0032095364935614823,0.0014361452776938677,0.010221700921059895,0.0005801579177273641,X3,77
-0.00045694179986355277,0.0025287976022809744,-0.0016357209844602982,-0.007293538780601239,X3,78
-0.01022401965900599,0.0037068400997668505,0.023064862946286624,0.0088477213033622,X3,79
-0.002264470542888586,0.0012854884844273329,-0.001765327753443291,-0.004822220205885408,X3,80
-0.008968087033944694,0.003055686829611659,0.0025066088370478967,-0.02014048101876509,X3,81
0.006369766217389938,0.003387130331248045,0.003956657237998207,0.007049045045933733,X3,82
-0.008060378969475979,0.002026582835242152,0.019952618498109365,0.0048453928266591895,X3,83
-0.004363724999770224,0.002849269425496459,0.006466891824551069,-0.005662297535321548,X3,84
-0.008780572107677242,0.00282668462023139,-0.006279044408235346,-0.02740539344089199,X3,85
-0.005884060617477149,0.0034461389295756817,0.02615926384799505,0.010686877025686714,X3,86
0.002521769506618088,0.002217858796939254,0.013529152630715524,0.024993038202121953,X3,87
0.006560426150786336,0.0018466238398104906,0.004650687098569306,0.015576751058468119,X3,88
0.0076254913840215766,-0.0002691829577088356,0.008374177092597357,0.022229026997520274,X3,89
-0.0036986523704384267,0.005599294148851186,0.008646604936794255,0.012312729342989215,X3,90
-0.008581865646488662,0.0022181507665663958,0.0013943917239953585,-0.019314777431971963,X3,91
0.002974911173482142,0.003440961125306785,0.002886398407769386,0.008473422564958089,X3,92
-0.008940546585866405,-0.0016670632176101208,0.009686584603474824,0.0037949687896736695,X3,93
-0.004521118014147563,0.005231791597907431,0.023220864629217353,0.02530882968784809,X3,94
-0.011383340359521599,0.0065092365257442,0.01610622502367054,-0.0023526170957077763,X3,95
4.375967920522417e-05,0.003308582119643688,0.009522480084729334,0.0034738393354787345,X3,96
-0.002484011046400836,0.002748188329860568,0.008047588873272948,-0.0018815851093267888,X3,97
-0.004449256815866831,0.0033992485841736197,0.013072261991418865,0.007217700756855905,X3,98
-0.0013850529405753376,-8.735852316021919e-05,0.006537158850937752,0.005574463141725827,X3,99
0.005089698327323089,0.0069788056425750256,0.006289530848891278,0.007488652248698102,X4,0
-0.006679854426633103,0.002537341555580497,0.030452745060986386,0.031835539265639534,X4,1
-0.003951372612555182,0.0023444925900548697,0.015035755534105855,0.018101531326248255,X4,2
-0.011836573713588039,0.0015721393283456564,0.018357668619020773,0.0028109516678422874,X4,3
0.0016423275496131318,0.002174836816266179,0.003199950973929999,0.0013216456565312562,X4,4
-0.004430280712138357,0.0024135690182447433,0.016855342442106735,0.010430783931652643,X4,5
-0.01175110188748163,0.002779776928946376,0.00624425107737292,-0.013345548306562982,X4,6
-0.0025702434627490334,0.0016946038231253624,0.022490992128003207,0.03445720771636718,X4,7
-0.007114052136742877,0.0013185564894229174,0.023515720320321787,0.012759092187229815,X4,8
0.004824282126121182,0.0033828644081950188,0.028137944072479604,0.04668737038480231,X4,9
-0.01293403676111804,0.0031298206886276603,0.015882402035529264,-0.003201690121425349,X4,10
0.0010025273282040503,0.00276168342679739,-0.0028321631534473646,-0.005910850105584453,X4,11
-0.006124065012543256,0.0004035346210002899,0.015525874037276122,-0.003135001190231579,X4,12
-0.0047223309391033474,-0.0010951398871839046,0.016456654057205533,0.00598809990426008,X4,13
-0.018689790962208463,-0.0006624180823564529,0.010765804259792122,-0.02839580913747608,X4,14
-0.010923092114235256,0.0006593810394406319,0.009065355184484813,-0.01327566155224047,X4,15
-0.008209952644879337,0.004217758658342063,0.004496638847897305,-0.013010430371971804,X4,16
-0.007047104177594021,0.00034686317667365074,0.010076648882853978,-0.006331909563167981,X4,17
-0.0019205175238053984,0.003364159958437085,0.017157028466473934,0.01219586251151572,X4,18
-0.009984494508678554,0.0022019760217517614,0.004686981897007558,-0.02162176845544983,X4,19
-0.0008905181040398391,-0.0001955595798790455,0.011281109394093769,0.01257626669869416,X4,20
-0.000756491743566845,0.0034986059181392193,0.0004201366088568692,-0.01967423395333978,X4,21
-0.0014016943634981294,0.0013479443732649088,-0.009154379658900424,-0.014544194805913735,X4,22
-0.005513055483241991,0.0019274610094726086,0.018433700042846946,0.013903606291050474,X4,23
0.000775472480938344,-0.0013126605190336704,-0.00031774755687818956,-0.0026948428586848205,X4,24
-0.014813197301026038,0.005226856344961561,0.017519748062308604,-0.009250581012092862,X4,25
-0.006748633333854892,0.0036750518484041095,0.010910952143242336,-0.008385400990879921,X4,26
-0.007415210757596324,0.0050694732562988065,0.004265471763187589,-0.01635650779563025,X4,27
0.004397568513975325,0.0039058951660990715,0.004039720578437267,0.010098021774320065,X4,28
0.00048296220054822037,0.0038837455213069916,0.008760105581082867,0.010496942729621761,X4,29
-0.014418416007625168,0.005816902965307236,0.001637467917582236,-0.03572940661416335,X4,30
-0.010302887376075542,0.003246358479373157,0.008905620930499625,-0.006303473694330819,X4,31
-0.00834012021403141,0.0023110739421099424,0.017658641346484094,0.014753738483443746,X4,32
-0.004672639137304091,0.006027195951901376,0.025461101754315818,0.015383584073850987,X4,33
-0.009467808140141365,0.0023861322551965714,0.012227082714887927,0.0013317504872389918,X4,34
0.0026100971040217136,0.0029545901343226433,-0.007886937904513225,-0.006304487169790596,X4,35
0.0007272047204353038,0.001198791665956378,0.007101970242861966,0.003176164357545863,X4,36
0.0053487056776929665,0.0013144013937562704,0.01586287863177449,0.02923593161150584,X4,37
-0.0006707974567894404,0.006000700406730175,0.01478488635992492,0.01498535186168981,X4,38
-0.007493430662197098,0.00021214643493294716,0.0032766240217412257,-0.014937596049629631,X4,39
-0.008694855329790419,0.0032259171130135655,0.007834333159061346,-0.0005707366216767262,X4,40
0.0011627362716688516,0.0036383537808433175,0.018400786050923434,0.02868636459557483,X4,41
-0.004650226144488845,0.004533773520961404,0.01621442208885826,0.0018352479315020265,X4,42
0.0014255656724637689,0.0006370889022946358,0.019260012826729067,0.01755995363754992,X4,43
-0.006886578505656882,0.00010148296132683754,0.01603523329233769,0.008654424092767288,X4,44
8.716477410286583e-05,0.00123225012794137,0.014165136343680995,0.012971471971576554,X4,45
-0.008718986162451814,0.0036034355871379375,0.03252820067696183,0.03002665669615867,X4,46
-0.004889870578539179,0.0009808228351175785,0.02241998501937026,0.01647712779080468,X4,47
-0.007627034090070595,0.0016099200583994389,0.005527455655256142,-0.017124283431029008,X4,48
-0.008224118394323798,0.00029413262382149696,0.015550706373677503,-0.005066097892311161,X4,49
-0.015679295946739003,0.003403729642741382,0.00721869159603028,-0.019360357584477184,X4,50
-0.01318277037691229,-0.0002882024273276329,0.012435095168147114,-0.021576632584219047,X4,51
-0.011057841299391136,0.003940864698961377,0.009282330627892965,-0.02730205436364308,X4,52
-0.006376687294235128,0.0014630889054387808,0.00025629022741724405,-0.010773588083429209,X4,53
0.003870643569961807,0.0036761515075340867,-0.0023796213041524794,0.0021117592223200976,X4,54
-0.006819443017811788,0.003503601416014135,0.0018939252425027586,-0.017547609424896082,X4,55
-0.012576173996022844,0.0026172338984906673,0.01853155189483635,-0.0012277908254700876,X4,56
-0.00504985858903384,0.005492692464031279,-0.0066538886856579715,-0.024309998468938998,X4,57
0.004126040592832059,0.0019318924751132727,0.026595766538900723,0.04166606809151707,X4,58
-0.0053909048511303626,0.004307045193854719,-0.012708607592140098,-0.0347438405792202,X4,59
0.004256949742703076,0.0027335218619555235,0.011781830714230446,0.028051537261137183,X4,60
-0.0026179177647970286,0.00043561775237321854,0.0009965388446251389,-0.001115895016373658,X4,61
0.0019426708043200902,-0.0015947530046105385,0.0028446581302581375,0.009609109458133203,X4,62
-0.011333715972725145,0.001618816051632166,0.006949587786620137,-0.028953291290847005,X4,63
-0.008243116191188782,0.0011659543961286545,-0.0022408832387056377,-0.025171792345453747,X4,64
-0.01670412816110456,0.0002006269060075283,0.018320647599685325,-0.02030666519726476,X4,65
-8.85194644106857e-05,-4.254886880517006e-05,0.019136913050305404,0.0320072894310528,X4,66
0.0019268656792000849,0.0029813365545123816,0.01274878791057199,0.020634829534721844,X4,67
-0.003805667128866319,-0.0007001413032412529,0.017327480229611947,0.02657925992868626,X4,68
-0.013265435200225162,-0.0001657339744269848,0.018593354729930844,-0.009945847596061874,X4,69
0.005312527822670998,-0.0019209440797567368,-0.0006533693445089916,0.010272119833714566,X4,70
0.0014745851549247124,0.0023505764547735453,0.00845817537720861,0.005146245838710151,X4,71
-0.004135333293103005,0.0021841954439878464,0.005636445161813386,-0.008598915649895567,X4,72
-0.01267077609092293,1.4013145118951797e-05,0.0039172607003737925,-0.03347505187881228,X4,73
-0.0015374211201900634,0.0036492209183052182,-0.006044528198159815,-0.010966610105383356,X4,74
-0.00386095527182051,0.0024898794945329428,0.008778746499521706,-0.002491874352381407,X4,75
0.0022362523184173977,0.005465440626721829,0.015374467198080666,0.031789138389953564,X4,76
-0.004987578750660915,0.004629009228665382,0.001940691820992435,-0.0073333458897126835,X4,77
-0.00395036658821013,0.00112049444578588,-0.0034813141894888266,-0.02514515176874732,X4,78
-0.002030794767576616,0.002876614686101675,0.016212606887255232,0.008683008920662871,X4,79
0.0015538510172837805,0.0010043494403362274,0.004409107801718881,-0.002049688478037881,X4,80
-0.0101369703085612,0.0014883046969771385,0.011294884975176833,-0.010742187247970936,X4,81
-0.0033855952199378647,0.0032482449896633625,0.012580248682105055,0.0026159834330241605,X4,82
-0.0035471121848280607,0.003778611891902983,0.011267373787361645,-0.00035708604968376356,X4,83
-0.006163728408833724,0.0026215759571641684,0.009542080279474896,0.0018828030333049028,X4,84
-0.0007533597643560874,0.00588828552281484,0.0002054053279473278,-0.019116506323627602,X4,85
-0.003189139069781355,0.0012884431052953005,0.010306623708974283,0.009161432787059498,X4,86
-0.005781522803787853,0.003315855166874826,0.03132360139823809,0.03685209499284969,X4,87
-0.00777096059379101,0.0010490640997886658,0.006419558525543323,-0.01655241995238721,X4,88
-0.003942203034718816,0.0004441780038177967,0.018966765512160366,0.01550080556178357,X4,89
-0.012896418182261282,0.001133251702412963,0.004900445392123198,-0.020844687486892832,X4,90
-0.008014435258318464,0.0030579703161492944,0.01783902956742711,0.007282435837411949,X4,91
0.0034139035619088487,0.004534860112471506,0.016463630330946888,0.02156299003724582,X4,92
0.00203658435287446,0.002245997078716755,0.008616636884591244,0.009520701978278812,X4,93
-0.00960747640926396,0.002267101313918829,0.021110374970719104,0.004596687877792105,X4,94
-0.004776978659423281,-0.001277333591133356,0.00345733338177312,-0.007426247476748804,X4,95
-0.004417710827520738,0.0037872891407459974,0.0050207062733022,-0.018341782546923424,X4,96
-0.017260229500016044,-0.0002518412657082081,0.0028098246651322434,-0.033302522313386484,X4,97
0.006421613241583413,0.000787083525210619,0.018031442218222393,0.03116447777081066,X4,98
0.005361753460777718,0.002235762309283018,0.01324421006157217,0.024531755801116217,X4,99
-0.005991924658745762,0.005913367727771401,0.00565884573263753,-0.009641454643526837,X5,0
-0.008314599899991282,0.0054351733706425875,0.028725956441136624,0.01704524856070755,X5,1
9.926690685713169e-05,-0.0003870832733809948,0.002394991160419968,-0.00413766507511748,X5,2
-0.010167343310443111,0.0050899522175313905,0.007612079361870694,-0.011477691776536236,X5,3
-0.005809630667050425,0.0030063819140195847,0.01824211113990737,0.006854793079475785,X5,4
-0.0037447400177126333,0.001773990923538804,-0.012319451288220318,-0.029877165653107163,X5,5
0.0023266043142780024,0.0034495852887630463,0.012589195908423667,0.017285564243260776,X5,6
-0.012691171977165738,0.00012149149551987648,0.011159903207751842,-0.01436975741319313,X5,7
-0.002437107069691802,0.0011939052492380142,0.018518619070589937,0.019122753143723248,X5,8
0.0035811574606382512,0.0010843267664313316,0.015573385647502436,0.015445935404832856,X5,9
0.008234619243046692,0.002863164758309722,0.021358013865583336,0.04557142008492643,X5,10
-0.006557729381285626,0.0017920094542205334,0.015586760119086218,0.01456168189867002,X5,11
-0.007689553691118123,0.002915337448939681,0.017822583932674885,0.011619531729408994,X5,12
-0.01695513433098339,0.0038725321646779776,0.014813710975033256,-0.026583636135155908,X5,13
-0.0004482292420994183,0.0013620674144476652,0.006825199396343629,0.003056053127343583,X5,14
-0.011217196414664565,-0.00047918176278471947,-0.001928103754548549,-0.030418993340526113,X5,15
-0.02092056637690376,0.00290764681994915,-0.0012141842405514192,-0.05667485343960932,X5,16
-0.0025748333714671334,0.0029193591326475143,0.012706635981996062,0.0030001215102046785,X5,17
-0.005454053038892126,0.0037436751881614327,0.011314122498103485,0.007754194769195255,X5,18
0.005001322494304072,0.005888852349016815,0.00886570570440226,0.020058952369423233,X5,19
-0.001121351803505255,0.006583604728803039,0.0056569201679798065,0.003579203439769918,X5,20
-0.001668273409943355,0.0017288904637098312,0.005236520844937309,-0.004976073342316978,X5,21
0.005576625316110029,0.0035052632447332144,0.009761684824175054,0.0358942697246738,X5,22
-0.011335336923310457,0.003936728113330901,0.01077938254515598,-0.012398536100543422,X5,23
-0.008375131714979278,0.0026389514096081257,0.013650799692207727,-0.00029436209755639986,X5,24
-0.005708306973456256,0.0031573884189128876,0.0035444089052040217,-0.013753842792939341,X5,25
-0.011228976690587866,0.00309220002964139,-0.004998060769608403,-0.031546411715234424,X5,26
-0.020061629815637527,0.0038351004477590322,0.020777113894697052,-0.019813620924495456,X5,27
0.0008150208529060787,0.0004552621394395828,0.01963592308240214,0.028460138947088875,X5,28
0.0007400818645535434,0.0030115782283246517,-0.007088755165720828,-0.02366528377905297,X5,29
-0.005636421116441248,0.0025504152290523052,0.017006415699246435,0.01129766141460542,X5,30
-0.00575829362797553,0.0023972552735358477,-0.0061113451396448415,-0.02686407136008251,X5,31
-0.0056058183897294,0.00408223137492314,-0.0001079961935687157,-0.02050217414636535,X5,32
0.004027783475585522,0.001309094252064824,0.01693233876455147,0.02094600986704087,X5,33
-0.018891670973248065,0.003309852327220142,0.009929930664178244,-0.024519884292165228,X5,34
0.000448136510629249,-0.00039144931361079216,0.015458670381093054,0.024055686227390627,X5,35
-0.01090297109906635,0.00565071270102635,0.0012708500301705783,-0.023902658564923573,X5,36
-0.0031976619157357833,0.004776739340741187,0.02078799418172772,0.021099950802744738,X5,37
-0.006305621192855493,0.004380387545097619,-0.006138100043877492,-0.02634652680854166,X5,38
0.008164576285243919,0.0032430689316242933,0.025191923716952003,0.03994485251548685,X5,39
-0.01030895587378755,0.0009929374791681767,0.016704957568149048,-0.0011760744639908172,X5,40
-0.006634793048686194,0.0004120729863643646,0.02210780830219705,0.02906204792791245,X5,41
0.0013907488626370146,0.0013006101362407207,-0.0006627351215928723,-0.006340829747652377,X5,42
-0.003614342414442917,-0.0002265055663883686,0.02048421232897879,0.020096664938919373,X5,43
0.003399637372889619,0.006274568266235292,0.017854382901943078,0.024837134852195186,X5,44
-0.00476569599144594,0.000505486037582159,0.0030568598601853347,-0.005123258562805377,X5,45
-0.0035841658432569368,0.004719780554296449,-0.004738339539501535,-0.021648080676425208,X5,46
-0.0004901666170310515,0.0026342514902353287,0.010573959311220738,0.0158260574965714,X5,47
-0.005244312679339336,0.0011325608938932419,0.006276737548614464,-0.0015414134764266674,X5,48
-0.010359332121737785,0.0037930457619950175,0.00408682600116872,-0.015520840312841955,X5,49
0.0038306051088086157,0.0009590107947587967,0.02362333266549177,0.02669610055808347,X5,50
0.0017390401767767294,0.002286143135279417,0.00258478932226891,-0.006939285353681157,X5,51
-0.01678612247300837,5.115801468491554e-05,0.009129417404906581,-0.02201741455900441,X5,52
-0.015875221363047975,0.0022539268247783184,0.01873464577474815,-0.008044450706428119,X5,53
0.0014777754837307366,0.004488742211833596,0.027927668476873224,0.04309858345513495,X5,54
-0.012418711160175122,0.0007808269001543522,0.020993871288587096,-0.001112328715625388,X5,55
-0.000895450784199503,0.004214286687783897,0.007578049751771898,0.004740935063342722,X5,56
-0.010707385055408802,0.005960973969195038,0.018074776570247364,0.00022463634076430594,X5,57
-0.004507123841475225,0.004831201906199567,0.013987660227992027,0.0015216018068728854,X5,58
0.0016769706631761805,0.0020439033396542072,0.015328714553960454,0.015340518379089785,X5,59
-0.008479898776594608,0.0021620397455990314,0.010109000225094866,-0.0003562363005731317,X5,60
-0.005478945796412837,0.0014810329303145409,0.0046278796750283124,-0.01084019053413865,X5,61
-0.011673286411543415,-0.00039454689249396324,0.008483438354979778,-0.017579921199343485,X5,62
-0.0055775098002393,0.0018127320799976587,0.002880429831654374,-0.007422174155335526,X5,63
-0.012227210430658997,0.005334144691005349,0.007207961802122909,-0.019174337172813916,X5,64
0.00043644893771754845,0.00048501603305339813,0.025760401293524415,0.04327847306290589,X5,65
-0.005488894961973245,0.001334693282842636,0.0008585589113599967,-0.024086060228748485,X5,66
-0.007657764012780288,0.0021519558504223824,-0.0005114452826530114,-0.0277201635357065,X5,67
-0.011045044266773663,0.002069056499749422,0.017076854509415984,0.008770275219202484,X5,68
-0.004756240722337823,0.0006633326411247253,0.007915119250863634,-0.004629891415108611,X5,69
0.001942848592579982,0.0014148084446787834,0.002780731589241081,0.013230357073446886,X5,70
0.0021873349865901837,0.001355229876935482,0.011840515440793342,0.02622899627365438,X5,71
-0.013511071683735998,0.0005675582215189934,0.017419116465452467,-0.010107697793926507,X5,72
0.002664823032738073,0.004072574258316308,0.02233537486652315,0.039878856241722715,X5,73
0.002511366767059542,0.002537896391004324,-0.01589966285760025,-0.0151680369999041,X5,74
-0.01205362064541704,0.0009838948026299477,0.0008076548354896129,-0.025401107783895593,X5,75
-0.014870712820773346,0.0004942887462675571,-0.004631712092004081,-0.04403336782360312,X5,76
0.002318695046170105,-0.0006091948598623276,0.017015893354663136,0.03224638710679817,X5,77
-0.00605263817200441,0.002280146349221468,0.020673727293585298,0.012168245240416597,X5,78
-0.009522849066323169,0.005024376976507483,-0.0013700918122080408,-0.027955043033130567,X5,79
-0.008608496935032406,0.0014228974469006062,0.01628164522454445,0.00542277243294742,X5,80
-0.00850469401906584,0.006089228903874755,0.0022983147563978568,-0.020261412041700844,X5,81
-0.007105831602739587,0.0033983211033046246,0.00585824280078151,-0.01202899830053461,X5,82
-0.00463444329614493,0.004787735815625638,-0.0045200808699412676,-0.01849351883626582,X5,83
-0.002722438490559087,0.0005495022051036358,0.005866041336530237,-0.010183300327467393,X5,84
-0.005935606552570194,0.004017059050966054,-0.0009540265396649206,-0.028088247159540947,X5,85
0.0020986260817741353,0.0010486235842108727,0.002735001002187487,0.005534857503163293,X5,86
0.002313215997810647,0.0025000821333378553,0.026866126659932155,0.04154886690731119,X5,87
-0.0025799597542919273,0.005300156946759671,-0.007709307816983868,-0.02863341896676319,X5,88
0.001475157081352485,0.0007660058327019215,0.010790258142318487,0.0050632798380703115,X5,89
0.0012325920491101927,0.0004393337294459343,0.01597019502338104,0.030187852943369675,X5,90
-0.004834275885589268,0.003654153784736991,0.004654322775140551,-0.008709825087339862,X5,91
-0.005318724127901686,0.002977508818730712,-0.00358471051406295,-0.017184912327204982,X5,92
-0.002952961885869909,0.0014690577518194914,0.027813390058716747,0.023587575972678687,X5,93
-0.0026158886595435416,8.890638127923012e-05,0.012615027422447134,0.00916776643686501,X5,94
-0.01049743994727581,0.0031938861357048154,0.032687173678807024,0.017812316122769456,X5,95
-0.017560076446747508,0.0033847992308437824,0.010063065907270352,-0.021611725982575658,X5,96
-0.011403949664077095,0.002814539475366473,0.005901587886400272,-0.02176024791012421,X5,97
-0.004561973890832571,0.00494362460449338,0.014232907835348696,0.009530252278464824,X5,98
0.0015195805617304048,0.0035358374007046223,0.018804444119228325,0.029386237831365625,X5,99
-0.003948876557581693,0.005443556787213311,0.0036170982661255513,-0.0025963446240293564,X6,0
-0.012217775803251785,0.004958962668752065,-0.003620999429885474,-0.04567762709751877,X6,1
-0.0026834864952839377,0.0009882152080535889,0.020300283417568288,0.015899519988467503,X6,2
-0.008256622610128383,0.009008740540593863,0.006025095321928076,-0.014348828359469046,X6,3
0.004674706374316329,0.0005648825317621231,-0.0037216289906121247,-0.005069652714535078,X6,4
-0.004807781191598082,0.0019265692681074142,0.0019016212351391504,-0.013448204674886277,X6,5
-0.0005088675914707297,0.002419908531010151,0.01776468408781917,0.017240081094567872,X6,6
-0.006343769376728536,0.004479314549826086,0.009337972235340719,-0.00232510775140371,X6,7
-0.008546434235149003,0.0005694329738616943,-0.001851064117066592,-0.03501294715648151,X6,8
-0.004348035947093654,0.0028716973029077053,0.011259871283026524,-0.005129375860804197,X6,9
0.002314335114541266,-0.0005246372893452644,0.0016546562930436215,-0.006055443578922848,X6,10
0.005712966840659139,0.005174668302061036,-0.004515782762696596,0.013167090343962684,X6,11
-0.003527062096949307,0.004345218418166041,-0.0026427304288311193,-0.01054003480391219,X6,12
-0.002291745136487444,0.004198512295261025,0.012129576394060204,0.008904730215712808,X6,13
0.003536524058308954,0.0025925105437636375,0.00402177656221836,0.010674055549443562,X6,14
-0.01282755848938566,0.004480185976717621,0.01105277953443784,-0.015301367446814318,X6,15
-0.00745347518221029,0.005068627462605946,0.009887014673235495,-0.0019553404708201327,X6,16
-0.002591246420388882,-0.00020414544269442558,-0.001285583058185269,-0.012216346725723914,X6,17
-0.013100779553431585,0.0009564082138240337,0.012831537434651152,-0.015347812367177971,X6,18
-0.004595919200356513,0.003910135477781296,0.007413637289866437,-0.008181947203038442,X6,19
-0.0014620911085764243,0.0043475686106830835,-0.0005190666051980708,-0.010416576788783605,X6,20
0.004487129293694103,0.003450829302892089,0.0031296513558833894,0.012950810849076344,X6,21
0.00364228841153702,0.0025067762471735477,0.024040344657729307,0.04076133179663333,X6,22
-0.007790130282556373,0.002782912226393819,0.014777729650573113,-0.0007692698262655728,X6,23
0.004558384193986131,0.003909667022526264,0.010413629545564573,0.01788479398314058,X6,24
0.0012842735872774513,0.0018914632964879274,-0.009970675228651138,-0.02329174434561354,X6,25
-0.0016710931915918659,0.0006651314906775951,-0.014048708482992667,-0.03711359662838665,X6,26
-0.0008089094508725303,0.0021901563741266727,0.016007907019464307,0.02945825381664724,X6,27
-0.006309414597167939,0.004360156541224569,0.02132486163889058,0.011793128295387367,X6,28
0.002154080949020698,0.001954846316948533,-0.010347188536347418,-0.01187308142153265,X6,29
-0.003843288153918545,0.0029164510779082775,0.015894957640527174,0.009963359870500899,X6,30
0.004441528825818164,0.006960791302844882,0.012257374094496343,0.014710975833988948,X6,31
-0.0010775425296046803,0.0015447931364178658,0.0014482722472675125,-0.0010738100284037877,X6,32
-0.00750530522650561,0.0040922318585217,0.017900435436513318,0.011160632486379551,X6,33
6.0873127435190355e-05,0.001106632873415947,-0.0061855583413465975,-0.006990846947914076,X6,34
-0.003081222079723056,0.005086946955998428,0.00914935548779705,0.004157909550212446,X6,35
0.0003510233563883691,0.0014466957654803991,0.008082388881751057,0.005963210635876903,X6,36
6.052670312628461e-05,0.002977553987875581,0.017558868830529928,0.027098675044126885,X6,37
-0.014443657573185664,1.8907245248556137e-05,0.0070192804308431,-0.0237232193429735,X6,38
-0.008857414456167056,0.005034879912273027,0.009734879960506593,-0.016470099191825183,X6,39
-0.009403401890693885,0.0029870974831283092,0.002997075695073681,-0.010258829169535577,X6,40
-0.015000070875879845,0.0008341497741639614,0.008833502262886483,-0.01544626002022409,X6,41
-0.007256709974789555,0.004133475886192173,0.00706553633775564,-0.022557262369679254,X6,42
-0.0014622124643202117,0.0013346169143915176,0.018003684734653636,0.015077464071847624,X6,43
-0.0123006678485571,0.0014486000873148441,0.026358993089895977,0.00633929152445889,X6,44
0.013904699636418938,0.0014598488342016935,0.006310622065131222,0.03343223628817116,X6,45
-0.011539092348857083,0.004010709351859987,0.0019302813988147927,-0.026470879932107838,X6,46
-0.012871550633022366,0.0006964672356843948,0.004697899144115003,-0.01855894243070777,X6,47
-0.0036312171393326764,0.006367605761624873,-0.0017554976304257064,-0.010341465043257614,X6,48
-0.005809489407041735,0.0023267888464033604,-0.005488669738855645,-0.028749698728391282,X6,49
-0.015101611116972058,0.004042218788526952,-0.005091757388452134,-0.04467912240455818,X6,50
-0.007796295686027577,0.001099483808502555,0.022855238778656917,0.01217327752569175,X6,51
-0.0023131244296792364,0.0033737223129719496,0.010657081643203004,0.005234808020207593,X6,52
0.0002805281835537299,0.0033451042836531997,-0.008580000405861932,-0.027770263178121812,X6,53
-0.0012710394111655754,0.003070595092140138,0.0006992511409654734,-0.006493697683968014,X6,54
-0.005234082958384345,0.0030954574467614293,-0.011446733044848445,-0.03924854778637532,X6,55
-0.005473141525320302,0.0034412144450470805,-0.0015962534216324986,-0.01830343491196107,X6,56
-0.012299263037606312,0.005792326177470386,0.021788809892444805,0.008812564624954389,X6,57
-0.0028039938250770113,-0.0009264703840017319,0.016394901082501745,0.013266187214827196,X6,58
-0.005985405514878694,-0.0006867479532957077,0.01647244346730181,0.006913115315617224,X6,59
-0.004495457254373947,0.00290247006341815,-0.004661358221293654,-0.02561193203529455,X6,60
0.006120575669955608,-0.0006937501020729542,0.010687809881266053,0.023652728700352066,X6,61
0.0032796855038457196,0.0028186861891299486,0.022671568783706908,0.032803355992815364,X6,62
-0.0017348289858200028,0.0016545751132071018,0.012675452715360525,0.015750752598322704,X6,63
-0.007160648851216034,0.0020047607831656933,0.011442403230698783,1.0742445651912291e-05,X6,64
-0.004034036952119235,0.0032127051381394267,0.007583864601374279,-0.001837259875317132,X6,65
-0.01023441574668027,0.004078677156940103,0.007953353831068544,-0.010486801334806062,X6,66
-0.00905553391803271,0.002059323713183403,0.003464776914806289,-0.017525458388795823,X6,67
-0.003970807758189698,0.0003341534174978733,0.001208632260956577,-0.013620178423912721,X6,68
-0.0050652111473374895,0.004098214383702725,0.012395779221144765,0.006883475170309961,X6,69
-0.01545479500951874,0.004806335433386266,0.01873921224515329,-0.004852379825249331,X6,70
-0.004833327655683228,0.0018901543226093054,-0.001964335123544436,-0.01086176068378486,X6,71
0.0035644485912373902,0.004856421815929934,0.017508233025412823,0.028901357020232776,X6,72
-0.0008526471593123253,0.002747986698523164,0.007869901887503916,0.008923729149458381,X6,73
-0.0034649286693217984,-0.0002080150879919529,0.006355571316681852,0.00829633050064249,X6,74
-0.016766088357348163,0.0016806828789412975,0.009343788934453423,-0.023555981122457492,X6,75
0.0031237828432958414,0.003699668566696346,0.009376093631780824,0.007246166000278054,X6,76
-0.005444975277863029,0.0029194860253483057,0.01201444125243678,0.0018084573853105468,X6,77
-0.01221418498184379,0.003177996724843979,0.013580155779523317,-0.0024512451474247854,X6,78
-0.00599006437556171,0.0037526028463616967,0.003881516512289518,-0.015410433828421777,X6,79
0.0010459761104217868,0.002872460288926959,0.006958772565331506,0.004596986716657536,X6,80
-0.0027418679440250893,0.002184851560741663,0.006181919283133164,-0.006757896067317581,X6,81
0.0027284711746929924,0.0021795635111629963,0.008343003925724513,0.01385940562425736,X6,82
-0.006842086280880788,0.0006787017919123173,0.003956946053856103,-0.023312799499429326,X6,83
-0.004950924960756442,-0.0008906950242817402,0.017111634500495576,0.016806303792694877,X6,84
0.0015035338277368249,0.0016100106295198202,0.010443255098515847,0.0030214763149769563,X6,85
0.006938141960735278,0.0021988097578287125,0.005502613188211214,0.020404427097251432,X6,86
-0.006561886491147639,0.0035843210062012076,0.0021872086898295784,-0.0069024138186613015,X6,87
-0.007150271480088843,0.0028819076251238585,0.0030412137129237626,-0.008913394415976494,X6,88
0.002265990305044152,0.003520152415148914,-0.01061689515343378,-0.02291206137721269,X6,89
-0.004769947162983845,0.0024828773457556963,-0.004660117259865371,-0.02679621958681233,X6,90
0.006689359820127527,0.002771593164652586,0.008325326065871885,0.021712827116126432,X6,91
-0.006789204512605562,0.00481213437160477,0.015911734553722523,0.010811980974541058,X6,92
0.0007725462069450018,-0.00018011173233389854,-0.00010269731270884375,-0.016044147849650248,X6,93
-0.002696677895602795,0.0024051694199442863,0.009122289483822654,0.0072275801762835545,X6,94
-0.00534245120784449,0.002801477210596204,0.0036238428638583065,-0.004929802171698583,X6,95
-0.005634549937141076,0.004073184623848647,0.01411655773271736,0.008608238874149743,X6,96
-0.0015140696537705445,0.0025002032052725554,0.0062007530635206365,0.006412395898715895,X6,97
-0.009828313033547698,0.0071999686770141125,0.0034651026262612072,-0.0233852100086136,X6,98
0.004767775810857411,0.006359320716001093,0.007138373002426257,0.019424049019950873,X6,99
-0.0021941674656357213,0.004106577485799789,0.010975494148919074,0.006935781718622858,X7,0
-0.004062337088154844,0.0014890823513269424,0.026547600501171553,0.035664432703786275,X7,1
-0.006092354344874873,0.002508603734895587,-0.00557505845998385,-0.03305057359306418,X7,2
0.0005010210443481267,0.003650146536529064,-0.012780962763983439,-0.02867634834189059,X7,3
-0.006537563928744272,-0.0006364518776535988,0.02080136798415433,0.0067031085444910765,X7,4
-0.007292130257401275,0.004166650061961263,-9.159969511574051e-05,-0.026814395329320062,X7,5
-0.014192748198189387,0.0012025856412947178,0.008620113098099291,-0.009288772949892277,X7,6
0.00540745169663337,-0.00023390678688883781,0.006935296474490649,0.009224913044989291,X7,7
-0.002691480837293647,0.0017616068944334984,0.016361130858260298,0.015410707880967767,X7,8
-0.004768019893773956,0.003112247446551919,0.015343376789675567,0.012922349920708065,X7,9
-0.004755773489017678,0.0015171312261372805,0.01567894519395141,0.006261461773174437,X7,10
-0.00844219448880279,0.0037925003562122583,0.01691781995126629,0.006719120611333729,X7,11
-0.0091497995747295,0.0035929541336372495,-0.011680446396923672,-0.04148687470549861,X7,12
-0.007354024122738112,0.002046289388090372,-0.009132728125822553,-0.04359378278430892,X7,13
0.0005616024533477981,-0.0017335601150989532,0.008475058143078473,0.0008574841404731526,X7,14
0.0004949282820129186,0.004942163097439334,0.014837493283212266,0.014590505415693622,X7,15
-0.005093259740515332,0.0012891064397990704,0.006383943291497496,0.003923734645121524,X7,16
-0.0036967441629789377,0.004517803667113185,0.003011770586366369,-0.014637489111685387,X7,17
-0.008389779333167424,0.0016818586736917496,-0.005119379028644677,-0.027731479261119407,X7,18
0.010267840025987907,0.000577148050069809,-0.007592088958212728,0.004854287081338393,X7,19
-0.007612895741140324,0.0024094192776829004,0.009272898407615582,-0.005551431180953248,X7,20
-0.024768902596834175,0.0009833136573433876,0.03354340957422042,-0.01098357591229937,X7,21
2.4750550901009305e-05,-3.290502354502678e-05,0.01423205532759697,0.009149285036396781,X7,22
0.008665733573320566,0.0026982359122484922,0.015074618242356008,0.030843389434470625,X7,23
-0.0023758586787819835,0.004220357397571206,0.022191877931971193,0.02363819817153523,X7,24
-0.0029033123730913823,0.003211046918295324,0.008510473532497231,0.004024028282433978,X7,25
-0.0004968841136276936,0.003570519504137337,0.018676009842445662,0.02370791428507779,X7,26
-0.014230473899584983,0.005482881562784314,0.004637320705088266,-0.02486718287349432,X7,27
-0.004010013929191092,0.0008149514906108379,0.018077297648803725,0.014872221015848064,X7,28
-0.0008103569203971039,0.001143408939242363,0.0025609524299612385,-0.003547368678649576,X7,29
0.0009099634117611943,0.0018763660918921232,-0.0003511473365870321,-0.004366658613569996,X7,30
-0.008273756279427613,0.004023048735689372,0.0075291816201659145,-0.003688830673331367,X7,31
-0.011532917705206924,-0.0015135579742491245,0.012343394704311894,-0.0048025029575100575,X7,32
0.0071223944672611506,0.0038980930112302303,0.0007416713678431996,0.012281596140074402,X7,33
-0.0015896886123124565,0.002023939276114106,0.0021776340573479436,-0.008924614308641443,X7,34
-0.0053866592660041235,0.0011025266721844673,-0.0005652954637653806,-0.01905874621889936,X7,35
-0.010307124655649869,0.005009710062950035,0.022448041674847374,-0.0024743183864648355,X7,36
-0.012212987194378022,0.005534595111384988,0.012992131557681641,-0.018753577138269417,X7,37
-0.0088352404667289,0.004180733405519277,0.00995529286265251,-0.008656406784899318,X7,38
-0.005129882650591222,0.0005719847977161407,0.009683071528833076,0.0015561023006882557,X7,39
0.001727441129103502,0.004398307064548135,0.013102225633217834,0.015717976140116274,X7,40
-0.008127074397179301,0.00029781321063637733,0.003323400174721991,-0.02202615905243066,X7,41
-0.0017015667466607765,0.0004410296678543091,0.014003780180471992,0.010546475087676033,X7,42
0.004000772460225566,0.0009805941954255104,0.02220554398652097,0.041751208135987206,X7,43
-0.004562860842996952,0.005326087353751063,-0.005208404939212707,-0.02709328619199014,X7,44
-0.0003590543578769756,0.001590978354215622,0.0035964946453290736,-0.0029298297410889074,X7,45
0.004426617325573479,0.0013345396146178246,0.012097409966798423,0.02429592115235102,X7,46
-0.002405300670308752,0.0003985390067100525,-0.002465130270125848,-0.01226165898209386,X7,47
-0.005184064681176936,0.003573338850401342,0.007623008375049034,-0.004087364079277567,X7,48
-0.006026170892785454,0.003201517276465893,0.01327618371040551,0.0001153770328818915,X7,49
0.003012793184108742,0.0002721385098993778,0.02216822579900346,0.03716215784235244,X7,50
-0.007038175283329395,-0.002244069706648588,0.011653460991148945,0.007217986686605782,X7,51
-0.0020281806719816275,0.00017267977818846703,0.011530325020458143,0.014863887730678593,X7,52
-0.0022368757452690957,0.0019978939089924097,0.03311215794180389,0.04055495147679333,X7,53
-0.01767721924826715,0.0018844990991055965,-0.002163559594930309,-0.05772672591583339,X7,54
-0.009694772099774984,0.0023785398807376623,0.004349456325595025,-0.024997977566641127,X7,55
0.0024289312117805606,0.0031143372179940343,-0.012702239468510235,-0.024171880343135888,X7,56
0.002834979059971654,0.0011404817923903465,0.0037286334906484475,0.005996874365563398,X7,57
0.0008765004151902733,0.0005145268514752388,0.01720811664870814,0.019863114693079664,X7,58
-0.009082176617988713,0.006196381873451173,0.009312303808890476,-6.744440465222823e-05,X7,59
-0.0008345156868592163,0.003458537277765572,0.005023698112217367,0.004898110565331848,X7,60
0.0031439463590059447,0.005120159257785417,0.0024424127953910357,0.0007474225760863984,X7,61
-0.0038101067684727097,0.0031428448855876923,0.010553385966148854,0.005309377414744354,X7,62
-0.009326386713170653,0.0014279833994805813,0.01128519741279943,-0.01996180577270601,X7,63
-0.014295526777238776,0.0014183633029460907,0.03221729911296878,0.010529782596911508,X7,64
-0.014957487613504461,0.00139306066557765,0.016181114634369997,0.00545463951264602,X7,65
-0.00011101441054850447,0.004436586343217641,0.008986405868903091,-0.004244026738641216,X7,66
-0.010514594659995713,-0.00252323504537344,-0.005920899417834913,-0.0399366020157208,X7,67
-0.004976914795588261,0.0027662378270179033,0.002268119289538739,-0.009625680545290116,X7,68
-0.0060823140568462275,0.0034686486469581723,0.008540616136747836,-0.004083086900942501,X7,69
0.002795153705378528,0.0038578169187530875,0.005029721321835434,0.008696439312481097,X7,70
-0.007300572552532469,0.001514560543000698,0.0021749609051509022,-0.010621856120244466,X7,71
-0.003174721497623767,0.006449841777794063,0.010261649964180775,0.009582409044601059,X7,72
0.0036613572016790386,0.0033180020982399583,-0.010302323400086522,-0.022911554062318373,X7,73
-0.003930499083240613,0.003580398391932249,0.008468008216406142,-0.009377773610320883,X7,74
-0.009256888474303615,-0.00020195776596665382,0.007582532098752703,-0.01974035790171791,X7,75
-0.006139109567147916,0.0023780653718858957,0.005788396080811498,-0.01701646234880627,X7,76
0.012909560555042332,0.004658971301978454,-0.0009264075331998356,0.012338034179695256,X7,77
-0.007450511000221538,0.0019735514651983976,0.005036667576805209,-0.001527827005437521,X7,78
-0.0069658167657650205,0.0003948453813791275,0.024692690827288866,0.011513670766030382,X7,79
-0.01752324859410581,0.0033436911180615425,0.021115407610602377,-0.001589058301800561,X7,80
-0.006736175907197217,0.0019680028781294823,0.0010723181734633158,-0.009564526100564574,X7,81
-0.008528356198830855,-0.0003648689016699791,-0.004541971636161657,-0.03571304005745102,X7,82
-0.0019376588002256723,0.0060163752641528845,0.02142321469668884,0.015237093570702687,X7,83
-0.0012652720932976314,0.0029496080242097378,0.004896916969474585,-0.0044306517430074965,X7,84
-0.016788243042736628,0.0035087959840893745,0.003313881758129189,-0.03139275522776974,X7,85
-0.01364484375826791,0.0032722381874918938,0.02436449549187869,0.002852604811683479,X7,86
-0.0048934806840301714,0.0036661969497799873,0.001497788258494892,-0.01742675879304456,X7,87
-0.0030822738949592976,0.001940449932590127,0.02040273897065248,0.024267440260449913,X7,88
-0.004967143961776221,0.006246355012990534,0.005108048818129318,-0.012405852819124652,X7,89
-0.00011304426623925945,0.0014639298897236586,0.012612395232964202,0.00206607025541361,X7,90
-0.005701827011323823,0.0014864848926663399,0.01776133925961232,0.016566761262593266,X7,91
-0.015060695907687771,0.00018128333613276482,-0.010031167382274941,-0.05249203911663214,X7,92
-0.006637586366625259,0.001139059429988265,0.004724833298930364,-0.01767931953018187,X7,93
-0.007463377115608405,0.005950469232629985,-0.0019471383030884581,-0.028081119165276336,X7,94
-0.0035414097687634927,0.0033976511331275105,0.001908091266380585,-0.005374503793002194,X7,95
-0.017294026309882082,0.003976473701186478,0.019879321746922418,-0.0024342126508576367,X7,96
-0.009305854501874378,0.0023894684854894876,-0.0034207786068398693,-0.028629368669929045,X7,97
0.00108735789710801,0.0024805222637951374,-0.006923064815173463,-0.02376378762933018,X7,98
-0.005339636483609356,0.003613045671954751,0.01335663612951854,0.000292835001432179,X7,99
-0.006451633520314526,-0.0002503925934433937,0.00604142793996687,-0.014261670489989164,X8,0
-0.014213334274095768,0.0037265674909576774,0.03365441015216297,0.022635787022657672,X8,1
-0.001923393969956111,0.0019421570468693972,-0.0067819725677941145,-0.03343597852411673,X8,2
0.0003409458661043363,0.00036129867658019066,0.004415247914783649,0.00274129305913684,X8,3
-0.005910662387519472,0.005602345918305218,0.018035380907186038,0.010833758221419743,X8,4
-0.0052337342506245665,0.0013743035960942507,0.016346492187164774,0.013272408330779362,X8,5
0.0009126264593212197,0.004884629714069888,0.012549851481952312,0.01724317478119719,X8,6
-0.008040416114733273,0.0025709704495966434,0.011388424807811326,-0.003019975854411605,X8,7
-0.014927690326796639,0.0029470822773873806,0.008437085999053684,-0.021600529652129108,X8,8
0.00036802831520832413,0.003268614294938743,0.01826110598091568,0.03074821754585466,X8,9
-0.00414560275747522,0.002485626144334674,0.021165901758910532,0.012806741116947462,X8,10
-0.014256222730068768,0.0066419546492397785,0.025441505867847214,-0.001304401840490188,X8,11
-0.0043786948286237415,0.005601392243988812,0.016465378635345695,0.008392423953769157,X8,12
-0.0035296745805132312,0.0018618879839777946,0.02619695803434774,0.03631903250319524,X8,13
-0.0037794263092431057,0.0014926043804734945,0.023130425881838335,0.026097437014051206,X8,14
-0.0028326735195617347,0.0032229481730610132,0.011926079109531362,-0.001314557667287941,X8,15
-0.011971147311172659,0.0022193538025021553,0.009399147252234119,-0.021610359661013767,X8,16
-0.0030344826780939194,0.0019105481915175915,0.027606136506953982,0.0337258366584976,X8,17
-0.0048982981248432145,-0.000388371292501688,0.0016474795418326416,-0.006251383993811865,X8,18
0.0004472827808709168,0.0025136887561529875,0.026653276553609828,0.040831937810154484,X8,19
-0.0072732263897896665,0.0040018861182034016,0.014084246799374478,-0.004177380468690206,X8,20
-0.016918047986133056,0.00048582861199975014,0.02321472374896949,-0.006364433379097756,X8,21
-0.016374270806520208,0.005209683644352481,0.016285923352338916,-0.0045268130809432705,X8,22
-0.004416593130929125,0.0021795337088406086,0.008941722177767564,-0.00016057261354562868,X8,23
-0.0029128835995877456,0.004718249314464629,0.012363229389584673,0.007289213818578277,X8,24
-0.0022469397938248425,0.0035990028409287333,-0.0024125978589762953,-0.019204893286487,X8,25
-0.008525822870711353,0.004559028020594269,0.014535116446223517,-0.006576254121534175,X8,26
0.010659991884271247,0.005689206009265035,0.004549432559766031,0.0241760349621567,X8,27
-0.00043011549122129455,0.005158345564268529,0.03248670509406426,0.04346800403556372,X8,28
-0.007275308421439308,0.0024849390611052513,0.0006604224349262555,-0.017232821704056267,X8,29
-0.0072886601928469075,0.003121165558695793,0.01639453249538736,0.008509265461980942,X8,30
-0.021439593467893592,0.001030721701681614,0.012265115151004147,-0.030524084371646554,X8,31
-0.01858395593152684,0.004785479774000123,0.01627890055281145,-0.016073367894082313,X8,32
0.0014341447370480598,0.006125274114310741,0.019291295146027565,0.030560772356276855,X8,33
-0.007342756435344322,0.0008025825954973698,0.02170219084418501,0.015512033165336225,X8,34
0.0010923200883001805,0.004000314394943416,0.019517315945507097,0.019561865182787797,X8,35
-0.0046993302024213035,0.004236760607454926,0.007706696225695642,-0.002460900866395166,X8,36
-0.016757665895731022,0.0051289563125465065,0.033177540081676504,0.005635036486358214,X8,37
-0.016737011748796493,0.0026349949184805155,0.007851045746124719,-0.028869453070801798,X8,38
-0.002390560813934295,0.0052301357936812565,0.004049324462764736,5.6043272820271994e-05,X8,39
0.004747330886660128,0.0018976305145770311,0.011166975024812897,0.019719610622270123,X8,40
-0.004143294585113755,0.004359994374681264,0.009068943684739206,-0.0015543927619250386,X8,41
-0.0008822300793229765,0.0013811218086630106,-0.0014752699238377298,-0.0018385471453796765,X8,42
0.003788540996394585,0.0038703898899257183,-0.00012198613350078436,-0.0030372691901519033,X8,43
-0.007578312987500668,0.0020483701955527067,0.005592223250181272,-0.00461390024181596,X8,44
-0.0009990287801988629,0.000992562621831894,0.0032572543026646583,-0.005287210993943026,X8,45
0.0013041935822257766,0.005791339150164276,0.017586298509054687,0.01794182711364556,X8,46
-0.0001004587604274132,0.0008879005908966064,0.012213176671764359,0.009370375582402168,X8,47
-0.005073287599049681,-0.00032897619530558586,-0.0022326574163079593,-0.01938249331827402,X8,48
-0.0028743181750681135,0.005071099272754509,0.014020776706785254,0.006543465636908552,X8,49
-0.004226235192693051,-0.0017978232353925705,0.021102722933891815,0.013388110007784837,X8,50
9.529928873797111e-05,0.005749014497268945,-0.005661442701082042,-0.015108357202371803,X8,51
-0.0044710010498699715,0.0044717268901877105,0.005955258379702788,-0.007677290904678946,X8,52
-0.006474207079113503,0.001508018234744668,0.016775687611754186,0.010646952715126945,X8,53
-0.011309283679110216,0.0031433188123628497,-0.002538995758332052,-0.03291515403734291,X8,54
-0.014117841943388054,0.0021092770621180534,0.025520695077586364,0.00359520294620963,X8,55
-0.0016187627613567512,0.003032414708286524,0.018075029845106227,0.017239789121528792,X8,56
-0.0015770679258061415,0.0021075638942420483,0.016846474339208495,0.01653903674912338,X8,57
-0.014334122317778752,0.00294881802983582,0.017396326202313572,-0.005949543903307042,X8,58
-0.003451593940205,0.0009693335741758347,0.009260314631444277,-0.006637360078496135,X8,59
-0.0014716576683011517,0.004375366435851902,-0.008466564714324831,-0.011629497222666485,X8,60
0.006469564350860213,0.004557714913971722,0.002174448312484256,0.006645508587178606,X8,61
0.002478842140067994,0.00632175849750638,0.01263557158430162,0.02380873046666787,X8,62
0.009853043095744196,0.0013769185170531273,0.026504367375511872,0.055567871032826455,X8,63
-0.008208811873421151,0.0027358364313840866,0.008450406293414425,-0.008871819756717692,X8,64
-0.0007478144119485997,-0.0014630146324634552,0.002108352838964378,-0.0024463732614914413,X8,65
-0.00322134682712949,0.004342739470303059,0.002296221416578703,-0.007171404568564244,X8,66
-0.0051913130588318035,0.0016067337710410357,0.018168081217585508,0.010731890939732702,X8,67
-0.019856901822158823,0.000643877312541008,0.007156977291606692,-0.036313104991987144,X8,68
8.116761712184672e-05,-0.0010183514095842838,0.016840479976068856,0.021337128756389934,X8,69
0.0005740648174958896,3.2141804695129395e-05,0.01605203774183872,0.020749124968052257,X8,70
0.006636065858185991,0.0029336295556277037,-0.00980340520126366,-0.005841209692784455,X8,71
-0.005502193842701786,0.004156961920671165,0.01142274555187639,-0.0077637547053655,X8,72
-0.0012532349722653713,-0.0001228228211402893,0.002280345162033237,-0.014891394434208616,X8,73
-0.010183919639359607,0.002678277436643839,0.011564261754805072,-0.00950848392234871,X8,74
-0.0017731677001202595,0.0022371571976691484,0.00969362880015634,0.01918353954540364,X8,75
0.0010479952726371033,0.004630189418094233,-0.005940264032388454,-0.01624337315635782,X8,76
-0.0036974556666625746,0.004682123544625938,0.022052791193746923,0.02163193243319883,X8,77
-0.007332963146206795,0.002029052935540676,0.014247649078575897,-0.00042242815950821466,X8,78
-0.0035591585376175683,-0.0001851445995271206,0.011021681256205729,0.007425271689273982,X8,79
-0.006945027533406423,0.0017430053558200598,0.0006453782861824964,-0.01864140114443935,X8,80
-0.004398459706171698,0.0016139016952365637,-0.011791864317368228,-0.03024181589957453,X8,81
-0.003078665001490899,0.003812062554061413,-0.00279107008065671,-0.014327702304276935,X8,82
0.007840219771310553,0.004749684201669879,0.00596123520063252,0.021239582916755984,X8,83
0.006375448181692334,0.004531814338406548,-0.002236598394571576,0.006115895497711854,X8,84
0.0006271676519105096,0.0015862996224313974,0.011027536405135097,0.028473088991376905,X8,85
-0.004696856134494554,0.005997666041366756,-0.006529330393086119,-0.02316748514333411,X8,86
-0.0069651105423109705,0.0033777611097320914,0.009330913866926305,-0.0004043977145606892,X8,87
-0.006463218728463893,0.003963907831348479,0.0138048985222462,0.0020817117444711375,X8,88
-0.0005395411642402648,0.0019556295592337847,-0.0013422233398922012,0.004983098897336058,X8,89
-0.007803317276490751,0.0011885147541761398,0.004772940327383068,-0.018999370521451064,X8,90
0.0017106319583458651,0.004300519125536084,0.006653481974234432,0.005822046591848595,X8,91
-0.008930592497988221,0.0014618185814470053,0.013506197765913663,-0.00644730158045248,X8,92
-0.0012294914152383152,0.0033899424597620964,0.00840399537373715,0.013771838762484778,X8,93
0.003887538723162609,0.004214483953546733,0.009381023503279962,0.024206422925312276,X8,94
-0.004501296090798856,0.0006355056539177895,0.007642543444833061,0.003553721411687638,X8,95
0.00020958361055811725,0.004094394913408905,0.01802041358643036,0.014603165082245573,X8,96
0.006373292629470506,0.003215364064089954,0.0049818760517629235,0.020441091797063216,X8,97
-0.0026857063315484098,0.002165792044252157,-0.0041139305992808906,-0.017746771826856467,X8,98
-0.006928088398515553,0.00058378791436553,-0.008440989041999747,-0.03728893426334645,X8,99
-0.013208102814580513,0.00450684831594117,0.019595745582239088,-0.00785375794603449,X9,0
-0.008999042111509814,0.001914128428325057,0.02000746286408317,0.009692966107532675,X9,1
0.0008348199222057984,0.004256810410879552,0.009553368287616104,0.008816852250444374,X9,2
-0.008222325438549949,0.0017795260064303875,0.026318944181495274,0.02182821901519305,X9,3
-0.00986062852039482,0.006693844101391733,0.007355502166392691,-0.011254228420888523,X9,4
-0.009241199154686242,0.004461098171304911,0.008016940698942099,-0.015191105551847883,X9,5
0.004433416381500299,0.00581899331882596,0.010178133191586447,0.02353128759895018,X9,6
-0.0019115801704694402,0.005263987055514008,0.011923568569274456,-0.0007224765603497385,X9,7
-0.0031616585341879277,0.003791991388425231,0.014360956711330308,0.018905675194637706,X9,8
-0.004545149299710505,0.0010083219967782497,0.01754393105398311,0.012635323981209146,X9,9
-0.016880956560966887,0.00024004094302654266,0.005857943541725752,-0.026987163890980215,X9,10
-0.011004725697907003,0.0017773853614926338,0.002304864185151967,-0.019445323738412235,X9,11
-0.0020968805229956144,0.0023232148960232735,0.0036875928173589756,-0.005006586312185535,X9,12
-0.003768587136720347,0.003590357140637934,0.007266550996620769,-0.006389360390896437,X9,13
0.005302615326711613,0.0009772577323019505,-0.0016013570901015628,-0.007793481248190126,X9,14
-0.0024791057377869796,0.0031746571185067296,0.004342036853528519,-0.007160266062387954,X9,15
0.0025727617162939476,-0.000668936874717474,0.0188493370377798,0.028941247127530767,X9,16
-0.00032598307000508697,0.000808399636298418,-0.0007047849357889602,-0.006931357507369285,X9,17
-0.0033508505575006176,0.004389139299746603,0.01401843976742656,0.010410158198136399,X9,18
-0.00958320314861738,0.0001676538959145546,0.005319217601438608,-0.015114946959576159,X9,19
0.0015462290024769176,0.002642866224050522,-0.0013363189742910953,-0.008629140112273115,X9,20
-0.0058258690243100375,0.002712666755542159,0.020838742415329126,0.008992942017997718,X9,21
-0.003049867132520645,0.004640936735086143,0.012839223570148883,0.013305327316577964,X9,22
0.006456447021624845,0.0015876726247370243,0.006889583729376314,0.012854616097207838,X9,23
0.0029117195868415546,0.0011190497316420078,-0.0037324433080125896,-0.002057580721141372,X9,24
0.005969771397294266,0.0018745462875813246,0.008354776890440063,0.01836639428821485,X9,25
-0.0009818327985522401,0.000165651086717844,0.019490258557107953,0.0202673294079303,X9,26
-0.002058651666814182,0.0032996644731611013,0.0034142499325933162,0.0015553866367583602,X9,27
-0.006125005877667178,0.0033651666017249227,-0.0064822890025765245,-0.030932195538680762,X9,28
-0.012998120524304713,0.0019331220537424088,0.01212793382989874,-0.02115181185541748,X9,29
-0.006978927188443618,0.004550635698251426,-0.0009681671353077848,-0.022817594228329074,X9,30
-0.007498286758064743,-0.00030878931283950806,0.00015490398757123103,-0.01546205893318131,X9,31
-0.006829404650854909,0.0048226420767605305,0.008596402650572377,-0.0029935128583349346,X9,32
-0.008478068637403191,0.004181926138699055,0.009238366630210493,-0.011666657055389384,X9,33
0.0014974819538593476,0.00246106437407434,0.00525314112581865,-0.003364441611437119,X9,34
-0.002405325871774333,0.00026231352239847183,0.00405399215407809,-0.0061055584305478305,X9,35
-0.007681067163148092,0.004633912321878597,0.00830912491128799,0.002398055439624791,X9,36
-0.0006192023952104053,0.0039071934297680855,0.009258496847646791,0.0042670153406556555,X9,37
0.001554309594984149,0.00021845195442438126,-0.006649813728517473,-0.01330913891410157,X9,38
-0.0045471034707287306,-0.00013278517872095108,0.01543028326266227,0.0007868642046990892,X9,39
0.007965801135148665,0.005420718051027507,0.003839925500105257,0.012177881898679743,X9,40
2.3608884697212673e-05,0.0019768057391047478,0.013495019221019477,0.02231276993279452,X9,41
-0.004999714690366086,0.0011438005603849888,0.013625836447428097,0.015285638186284256,X9,42
0.00011509333090797824,0.0031542746582999825,0.02676870331267045,0.04364791002433788,X9,43
0.0026383534395092445,0.0011631469242274761,-0.0008938170512163834,-0.009753045576298414,X9,44
-0.010233065156359133,0.002781984629109502,0.0036043031553580906,-0.02029391504521838,X9,45
-0.00863900516646976,0.0005192640237510204,0.02099077097015911,0.0021732131995739756,X9,46
-0.011181169797172874,0.0056634508073329926,0.015460045697374136,-0.012100242976609277,X9,47
-0.007022316453871302,0.0004426506347954273,0.0050249180321412235,-0.01811394229815777,X9,48
-0.006197339449213968,0.0032803963404148817,0.011903795480878832,-0.008129154436925301,X9,49
-0.0005512724301133254,0.0026753663551062346,-0.004309577085344851,-0.012884611519682343,X9,50
-0.00186397630382229,0.002482555340975523,0.0024083215593793117,-0.0012563118955806196,X9,51
-0.004808687213284091,0.000597967766225338,0.004989402682967881,-0.009922593280397685,X9,52
-0.002660283444958389,0.0013696921523660421,0.007629753077680879,0.011267191872996518,X9,53
0.0020013349856204954,0.0023410413414239883,0.0036575094120296914,0.008745475533233238,X9,54
0.0018472725730284134,0.0047368370287586,0.0027876518786489335,0.003761138721584789,X9,55
0.0010827730229017174,0.004609792697010562,0.014914437028067162,0.01990204446238919,X9,56
0.00025100054998172805,0.0031886575743556023,0.013515485317980303,0.010712344567077814,X9,57
0.0020993557606595603,0.0017699836753308773,0.006888353093993604,0.013272081884912135,X9,58
-0.006645640027805655,0.0037576560862362385,0.009379441413448153,-0.0006028957514578881,X9,59
-0.006068107049169935,0.0034309003967791796,0.015447742323418279,0.014711602664828183,X9,60
-0.0016923872445369081,0.0009646760299801826,0.020697557540200195,0.01614253042200131,X9,61
-0.006721690528965207,0.0010128915309906006,0.01127839884019266,0.011303008547879356,X9,62
2.1123217105123437e-05,0.0019501582719385624,0.006249376167921206,0.003779191151730865,X9,63
-0.008225259068436852,-0.0007538041099905968,-0.0014790976016817448,-0.015177337833039095,X9,64
-0.004268681555675169,0.004026980837807059,0.021689443214978343,0.025302394642731096,X9,65
-0.0064527990199715335,0.007280910387635231,0.014543105995966199,0.004558018526207963,X9,66
-0.011248882439697128,0.0009276312775909901,0.012384218941879466,-0.007426427663048685,X9,67
-0.009211443408103426,0.0020371924620121717,-0.0036009792091832304,-0.0335153946665987,X9,68
-0.004514624638569886,0.002576336730271578,0.013092101035090287,0.003230376783549316,X9,69
-0.015556351671378699,0.0018586586229503155,0.012984281909271811,-0.017501670608333963,X9,70
0.00417524273829295,0.0019030082039535046,0.00907712968954355,0.017455060492278074,X9,71
0.0026103374230487253,0.0028146766126155853,-0.023300344632084635,-0.04078225064120766,X9,72
-0.010290364757512105,0.00019913911819458008,0.00288818822689052,-0.017251764076579912,X9,73
-0.0012382643131526594,0.0013589030131697655,0.0057280409165758606,0.001839869072590039,X9,74
0.002429947448471914,-0.0011915690265595913,-0.004934085282814693,-0.0065176361884042855,X9,75
-0.01016622879209883,-0.0004074443131685257,-0.0030816807300166893,-0.026642405327853558,X9,76
-0.006373246709971747,0.0004884600639343262,0.013279697620824038,0.004066283579976071,X9,77
-0.0007063650603001959,0.002466281410306692,0.03487842517847817,0.0466670240609004,X9,78
-0.0007643645502165564,0.004102041013538837,-0.0060934907465887145,-0.01752453543396415,X9,79
-0.012841133272841643,0.0036543725291267037,0.011133640591225125,-0.02132020395857448,X9,80
0.008941168896763552,0.0010265358723700047,0.0037332973876206266,0.015753552816747174,X9,81
0.0006241649332167087,0.0037531345151364803,-0.006349029150861996,-0.011375670737923338,X9,82
-0.012160236904392163,0.000265688169747591,0.03619147868987205,0.024262720421140305,X9,83
0.007060535885125119,0.001375922467559576,0.004195276713244045,0.0122369683254957,X9,84
-0.006722042044088772,0.003956225933507085,0.03168761940214382,0.03266013557923264,X9,85
-0.0006889133038965323,0.0015073190443217754,0.007550217234635559,0.013308202240864375,X9,86
-0.010411060214601142,0.0002283579669892788,0.008488448253720415,-0.014113045921591238,X9,87
0.002678621606553855,0.004762251250213012,0.0018996880334690713,0.007657686654645612,X9,88
-0.010617545370366521,0.0012038981076329947,0.010460992368065525,-0.007725956528205291,X9,89
-0.0011454107583982465,0.004346560104750097,0.00016078528013985238,-0.0055680505594801755,X9,90
-0.0062926153958347,0.00044475123286247253,0.011015725502564355,0.007690858679899382,X9,91
-0.015850874724433806,0.00031535327434539795,-0.018423656844332892,-0.06047441754794747,X9,92
-0.002448183029935991,0.0006929300725460052,0.002244101944696264,-0.006593802093950885,X9,93
0.001733346463399954,0.004450819978956133,0.003691914186863099,0.014510427818403393,X9,94
0.0051201596160508345,0.0030372815672308207,0.017029377867302076,0.02520249896227056,X9,95
-0.003718857542522769,0.0035217588301748037,-0.0003259645793468602,-0.013291980364402711,X9,96
-0.0031326912757166925,0.006584522547200322,0.012056407376428657,0.02381965761066751,X9,97
-0.0018076756505550629,0.0037826172774657607,0.01120875757219264,0.007161000415095042,X9,98
-0.0002025296214250849,0.002250825520604849,0.0017215880496128655,-0.01408858334835239,X9,99
-0.0004977253370838097,0.003751704003661871,0.012591917477639436,0.010145748553079592,X10,0
-0.008681322508230727,0.007190738804638386,0.012420284720233377,-0.0044618525581496815,X10,1
-0.008841813823591171,0.004077811085153371,0.02680960488157691,0.02469014514201362,X10,2
-0.009410958693979565,0.0014354025479406118,0.017920926678759663,0.005621037400967532,X10,3
-0.0008720709618199596,0.00129523198120296,-0.002806392567297311,-0.017733956873016377,X10,4
-0.001262042388675888,0.0025951103307306767,0.0011414454670832797,-0.00947437482194613,X10,5
-0.011278013603669423,-0.0014571757055819035,0.008140376178108255,-0.018786223193667295,X10,6
-0.0032459455433485607,0.003958436660468578,0.013575726910078134,0.011258417616894167,X10,7
0.0014778277942548712,-7.212581112980843e-05,-0.008524615257597401,-0.024278192949588773,X10,8
-0.0050713845760870235,0.0017899596132338047,-0.005482480893764796,-0.029031902561646783,X10,9
-0.001112365306382479,0.004244416253641248,0.011777642483677075,0.007004744438444677,X10,10
-0.0022054926411302356,0.0005449601449072361,0.0038548169267040855,-0.005798410364408202,X10,11
-0.006663255650096622,0.003045121906325221,0.020623140846312005,0.014468256244048128,X10,12
0.0010711947876331784,-0.00013421010226011276,0.005298768118020325,-0.0007521864010480162,X10,13
-0.009936092826380083,0.002134451176971197,0.0030518261500055432,-0.03369036899932931,X10,14
0.00018060800859331927,0.0028676025103777647,0.004041374874838799,-0.001325922919775735,X10,15
-0.002473935904666269,0.001360888360068202,-7.07189918660589e-05,-0.01062900862397309,X10,16
-0.0008317320737390999,0.004399267898406833,0.010946742348598049,0.01441398042737263,X10,17
-0.009686538836040093,0.0007677124813199043,0.003892441441756711,-0.030418440532719027,X10,18
-0.007481779768140462,0.003947627381421626,0.009210180319672578,-0.015704065525007138,X10,19
0.009230355369508003,0.006313239224255085,0.0009833132140738554,0.025335848531963245,X10,20
-0.014587270304856181,-0.00020671449601650238,-0.00012765831701877506,-0.03551652784534376,X10,21
0.0056408857349689034,0.0038907198468223214,0.018222163967722915,0.04496106398219757,X10,22
-0.003645607402096407,0.0051070223926217295,0.00954990083695939,0.0006389778005275737,X10,23
-0.000611495109285487,0.0036357103381305933,-0.0034082113829099203,-0.016024913344663716,X10,24
-0.005155968709993242,0.0029634356033056974,0.01004098995708036,-0.009015321532111154,X10,25
-0.014102340442254224,0.0034965514205396175,0.013429025530140137,-0.01681266571071971,X10,26
-0.008836873671289158,0.002798034343868494,0.015306953041267723,0.002599538798031764,X10,27
-0.012637613337784681,0.003611304680816829,0.0365492184595293,0.027125139424585498,X10,28
-0.006935697066611568,0.0057460342650301754,0.008038690149097638,-0.012351550705304248,X10,29
-0.004640998476786229,0.0019834504928439856,0.009297356365047471,0.005610165050778937,X10,30
0.00024315855445933288,0.001483540516346693,0.015580781597372528,0.024181158013394155,X10,31
-0.011262606284429544,0.0027318685315549374,0.018738785054037477,-0.004177743645243481,X10,32
-0.0066505905385417785,0.001583737088367343,0.011784002939486338,0.006000192664001869,X10,33
-0.00693661016518321,0.00044742459431290627,0.009762259946808682,-0.004676554600614891,X10,34
-0.0062775120410484275,0.0015461754519492388,0.015529898911749607,0.008439695500366051,X10,35
-0.0005667842765842979,0.0031905792420729995,0.008760273225324244,0.0037473894352784143,X10,36
-0.011040927874646278,-0.00047850096598267555,0.007325400240582924,-0.017180833723240196,X10,37
-0.009448555015126758,-2.2104009985923767e-05,0.006047099164649072,-0.016973265519117042,X10,38
-0.001751410149994026,0.0011486606672406197,0.01459244430269191,0.010778305309030456,X10,39
0.0008108884295483509,0.0044944052351638675,0.007292134518529836,0.0046154876437947134,X10,40
0.0008544213302433823,0.0042353098397143185,0.005268456596087545,0.005978568702839304,X10,41
0.004579344675867958,0.004964823592672474,-0.005281461271574472,0.00019660695564205355,X10,42
0.004442963548140555,-0.0014720913022756577,-0.00429446828573643,0.0006625997139662054,X10,43
-0.005241579856967049,0.003988182405009866,0.006402673124507041,-0.007689766921422869,X10,44
-0.01129355988936509,-0.00045613478869199753,0.012000941271787968,-0.009007129653601398,X10,45
-0.0026304740845525254,0.0032407825347036123,0.00861049671418157,-0.002655941046459054,X10,46
-0.009491701612823533,0.0024513958487659693,0.014653735247462718,-0.004825029848548157,X10,47
0.0012046490010966249,-0.0004011443816125393,-0.01360428338461317,-0.024916143060629947,X10,48
-0.011104069333500166,0.004622424719855189,-0.009443710741094291,-0.04465330533557488,X10,49
-0.0176891352085633,0.0028365510515868664,0.009158065320597486,-0.02847348077331091,X10,50
-0.010569331134294702,0.0018636207096278667,0.0321605690015756,0.02582341446772296,X10,51
0.0034649608784426134,0.0042171989334747195,-0.008425595176179357,-0.013717769753514464,X10,52
-0.0031664391723719154,0.005724028218537569,0.03311371208776692,0.040608718224939944,X10,53
-0.0015538005598818572,0.0005403896793723106,-0.0007551430238282864,0.0004183160567596822,X10,54
-0.002410758391284573,0.003108103759586811,0.007920663983869036,-0.01004893866834311,X10,55
-0.009066832137201497,0.002955490257591009,0.0017354144184312803,-0.01959328872166677,X10,56
-0.009241998344614588,0.004230219579767436,0.011109251796936781,-0.0035669826183204467,X10,57
-0.005110607380492849,0.005616664187982678,0.023587880497828895,0.020485580093714484,X10,58
-0.0045928329507179955,0.004999824036076461,0.0076994197407748155,0.005292183331734535,X10,59
-0.006155968073777274,0.004028589581139386,0.006592041872856891,-0.009169873056238176,X10,60
-0.0061369466743812495,0.0024194263387471437,-0.005408655728627698,-0.015886830528765383,X10,61
-0.003778936175795611,0.001303577795624733,0.00457532449670095,-0.0068288697318414915,X10,62
0.002486585261691543,0.0047388021775987,0.01327761102812397,0.02928936222397982,X10,63
-0.01176047662287949,0.004737517097964883,0.007729198035407281,-0.007148014607436082,X10,64
0.0015146266569027178,0.003094776184298098,0.01883269315534042,0.01164857489646387,X10,65
-0.000476824199801551,0.0017086081206798553,0.002795344669580202,0.00602755553528489,X10,66
-0.010378761591974817,0.0027281134389340878,0.0209323623300941,0.0076404733091111066,X10,67
-0.007740167896996275,-0.0002573281526565552,0.029278954618946917,0.01896772686885817,X10,68
-0.002866398094501954,0.003647037665359676,0.021636438300988603,0.02419738166483043,X10,69
-0.003573423325206271,0.001542131882160902,0.013139479237667784,0.016123536668489535,X10,70
-0.005682006967995479,0.001994853373616934,0.014282399783577704,0.012006024493719014,X10,71
0.008818785267871943,0.0007953541353344917,0.00449069705330063,0.022911736830672158,X10,72
-0.008395640648887093,0.0029223423916846514,-0.005566645619000998,-0.03590979744594147,X10,73
-0.006073701965652267,0.0012732248287647963,0.01539991109169625,0.0004913182062800114,X10,74
-0.001122397549297438,0.003432022174820304,0.007647931271111741,0.007050511113764202,X10,75
-0.013641947352326156,0.003949732054024935,0.007541025913020083,-0.02109986375350048,X10,76
-0.010166444077157166,0.0029924768023192883,0.00633728814807244,-0.022933071064644484,X10,77
-0.001766920873130684,0.007817828562110662,0.014992291158016036,0.006257542410141426,X10,78
-0.008348055830127987,0.0020256023854017258,0.0030139430374869214,-0.02058936146581769,X10,79
0.002675109206056181,0.0009919516742229462,0.011760672679618667,0.01508776076963736,X10,80
-0.007613692519123472,-0.0015248148702085018,0.014090891105751124,0.003474060790404465,X10,81
-0.011376191286436188,0.003930339706130326,0.016372689643786797,0.0002402245011043913,X10,82
0.006984662498977667,0.0038660519057884812,0.0011809218848706227,0.006882677087701294,X10,83
-0.007555509669399885,-0.00026688631623983383,0.004381130062282024,-0.013650864286160802,X10,84
-0.0165677993588923,0.008446242194622755,0.003538932241720416,-0.030321086261636765,X10,85
-0.004969076792508242,0.003038595197722316,0.002575267050161756,-0.010405242659388358,X10,86
-0.005214793438058196,0.0022669683676213026,0.019808502710856768,0.020792562435551165,X10,87
-0.0037320531805250523,0.001977048348635435,0.017118561195038406,0.010071258025875718,X10,88
-0.003645493613431694,0.004868542426265776,0.012625608097951213,0.006781433063234088,X10,89
-0.007480220194161391,0.004860052329604514,0.0072607767092780495,-0.019033325627028308,X10,90
-0.006985811086724469,0.0001985454000532627,0.014672006665660486,-0.0001303067381268619,X10,91
-0.006313609284723021,0.0018593482673168182,0.022454746161558292,0.017689962167454,X10,92
-0.0021726945805399245,0.0017234229017049074,0.019354267984130757,0.026404736576443488,X10,93
-0.005415182817136821,0.003512619063258171,-0.005884104715085936,-0.03128181372634331,X10,94
-0.00862094142762404,0.002660084282979369,0.0059646590350314055,-0.0177002270858162,X10,95
-0.0031428684983697552,0.001174441771581769,0.006359075269995462,-0.0030005701021509346,X10,96
-0.004093603031919746,0.005275598028674722,0.0006765695782512404,-0.011212327741941364,X10,97
-0.008315065120683474,0.007194115314632654,0.004526373355058122,-0.018029689629257994,X10,98
-0.009169884828382546,0.004130813351366669,0.016244272077060806,-0.0016205648775944326,X10,99
